tree_lat,tree_lon,bearing,road_lat,road_lon,CONDITIE,original_lat,original_lon,adjustment
51.988270913461385,4.333302111747729,223.66005988069293,51.98849987306683,4.333656910070787,Slecht,51.98845494666074,4.333678855868461,-5m
51.988270913461385,4.333302111747729,240.465316277282,51.98841002025465,4.333700801666136,Slecht,51.98845494666074,4.333678855868461,+5m
51.991408279122375,4.333334992219838,210.1499180770091,51.99146098023851,4.333384703407996,Slecht,51.991460705517376,4.333334704162719,+5m
52.00700851836922,4.32690402394668,288.20251156139045,52.00699343134269,4.326978558299747,Slecht,52.00703687751015,4.326953810965888,-5m
52.00700851836922,4.32690402394668,192.1151285579883,52.00708032367761,4.326929063632031,Slecht,52.00703687751015,4.326953810965888,+5m
51.99093059064905,4.3316637840460634,321.3132664736385,51.990886086295774,4.3317216577137705,Slecht,51.99087807944323,4.331672302974258,-5m
51.99093059064905,4.3316637840460634,22.563589440830413,51.99087007259068,4.331622948234746,Slecht,51.99087807944323,4.331672302974258,+5m
51.99098070375031,4.33085881670941,162.05106435449022,51.99111821009198,4.330786481358206,Dood,51.99112600967709,4.330835869276488,-5m
51.99098070375031,4.33085881670941,186.0643936767858,51.99113388494229,4.330885244859063,Dood,51.99112600967709,4.330835869276488,+5m
51.989119774690444,4.329933350614812,346.84214445067556,51.98887398078624,4.330026658024762,Slecht,51.988865449427664,4.329977391241623,-5m
51.989119774690444,4.329933350614812,0.701474556736855,51.9888569180691,4.329928124458482,Slecht,51.988865449427664,4.329977391241623,+5m
51.990363338247185,4.329382171232539,149.5823737763514,51.99054116116869,4.329212631476766,Dood,51.990567577086196,4.329255083794754,-5m
51.990363338247185,4.329382171232539,167.2674965272564,51.99059399300369,4.329297536112745,Dood,51.990567577086196,4.329255083794754,+5m
51.992842489295136,4.333451364292446,321.4793041945362,51.99271896382749,4.333611052424854,Slecht,51.992764857012155,4.333630897212624,-5m
51.992842489295136,4.333451364292446,284.4952301618109,51.99281075019682,4.333650742000392,Slecht,51.992764857012155,4.333630897212624,+5m
51.992166054983706,4.3330239794002345,333.0283304381419,51.99210864636908,4.33307142478669,Slecht,51.99215812809939,4.333078605202139,-5m
51.992166054983706,4.3330239794002345,222.48529151048285,51.9922076098297,4.3330857856175875,Slecht,51.99215812809939,4.333078605202139,+5m
51.992375114773616,4.333037789789848,326.74774804219885,51.992315357375674,4.333101421128693,Slecht,51.99236483910598,4.333108601544142,-5m
51.992375114773616,4.333037789789848,230.8320073899155,51.992414302143715,4.333115909148006,Slecht,51.99236483910598,4.333108601544142,+5m
51.99255632052092,4.333059884836689,325.3465152408034,51.992495630790074,4.333128012776847,Slecht,51.99254508610922,4.3331353728996795,-5m
51.99255632052092,4.333059884836689,233.15908783171494,51.99259454142836,4.333142733022513,Slecht,51.99254508610922,4.3331353728996795,+5m
51.99256084076507,4.333066782240096,327.42195355776636,51.99250105734131,4.333128820376197,Slecht,51.99255051266045,4.333136180499031,-5m
51.99256084076507,4.333066782240096,230.38118179838492,51.992599967979594,4.333143540621864,Slecht,51.99255051266045,4.333136180499031,+5m
51.99243240797406,4.3333717877636335,317.2668794759786,51.992348881771655,4.3334971037503625,Slecht,51.99239733383771,4.3335094486802985,-5m
51.99243240797406,4.3333717877636335,261.7590832486776,51.99244578590376,4.333521793610236,Slecht,51.99239733383771,4.3335094486802985,+5m
52.007970237339144,4.3325342424117705,165.09481506316,52.00804213848548,4.332503150990114,Goed,52.0080077,4.3325394,-5m
52.007970237339144,4.3325342424117705,184.8439414973482,52.0080077,4.3325394,Goed,52.0080077,4.3325394,+5m
52.00806584687667,4.332798617244028,156.8627100887328,52.00812945465968,4.332754461717053,Goed,52.0080949,4.3327906,-5m
52.00806584687667,4.332798617244028,170.35964481483063,52.0080949,4.3327906,Goed,52.0080949,4.3327906,+5m
52.00834860668302,4.332389237148123,10.571534452248102,52.00828717495059,4.332370611345818,Goed,52.008315345994255,4.332411919847348,-5m
52.00834860668302,4.332389237148123,277.3625911076406,52.00834351703792,4.332453228348879,Goed,52.008315345994255,4.332411919847348,+5m
52.00816523388441,4.333056276964998,153.24969617144654,52.00823112862749,4.333002318453787,Goed,52.0082022,4.3330431,-5m
52.00816523388441,4.333056276964998,167.62433457193515,52.0082022,4.3330431,Goed,52.0082022,4.3330431,+5m
52.00827575296692,4.333296371992418,150.51465663782767,52.00833822189909,4.333238988747784,Goed,52.0083105,4.3332806,-5m
52.00827575296692,4.333296371992418,164.3894958403763,52.0083105,4.3332806,Goed,52.0083105,4.3332806,+5m
52.0086455618161,4.332983308773328,35.73005716914713,52.00861092552367,4.332942830226446,Goed,52.00862832081711,4.332989706699929,-5m
52.0086455618161,4.332983308773328,269.7304376460499,52.00864571611055,4.333036583173412,Goed,52.00862832081711,4.332989706699929,+5m
52.00856137377388,4.332771695610742,27.85343014129512,52.00852097282808,4.332737012165581,Goed,52.00854539929593,4.332780639538506,-5m
52.00856137377388,4.332771695610742,260.664134613576,52.00856684564224,4.332825768093872,Goed,52.00854539929593,4.332780639538506,+5m
52.008460725403246,4.332576973573446,15.587418675911465,52.00840578939169,4.332552076278526,Goed,52.008431813415044,4.332594767688323,-5m
52.008460725403246,4.332576973573446,274.16276215185195,52.00845802055327,4.332637349209034,Goed,52.008431813415044,4.332594767688323,+5m
52.010557054016445,4.333165760547567,353.18991793915876,52.01048956009304,4.333178855585494,Dood,52.01051872015329,4.333138239198576,-5m
52.010557054016445,4.333165760547567,77.66160018619621,52.010547880213544,4.3330976228116596,Dood,52.01051872015329,4.333138239198576,+5m
52.01363591562825,4.332562976743061,149.8990785206111,52.01372937253767,4.332474951786915,Dood,52.01374677250227,4.33252182652672,-5m
52.01363591562825,4.332562976743061,181.5735548521256,52.01376417246687,4.332568701266526,Dood,52.01374677250227,4.33252182652672,+5m
52.01484240830419,4.333088745628644,188.90174023954103,52.01496562733253,4.333120103478973,Zeer Slecht,52.01493523446798,4.333159805793568,-5m
52.01484240830419,4.333088745628644,227.5149263551812,52.014904841603425,4.333199508108164,Zeer Slecht,52.01493523446798,4.333159805793568,+5m
52.01361190127255,4.3328884837510255,357.45189172894766,52.01354853446834,4.33289306552454,Dood,52.01358555747195,4.332859460506999,-5m
52.01361190127255,4.3328884837510255,105.48538432137747,52.013622580475555,4.332825855489457,Dood,52.01358555747195,4.332859460506999,+5m
52.013724009005166,4.331981626918582,349.77205896817986,52.0136699073472,4.33199748735353,Slecht,52.01370596060958,4.331962843995266,-5m
52.013724009005166,4.331981626918582,118.70302519113471,52.013742013871955,4.3319282006370035,Slecht,52.01370596060958,4.331962843995266,+5m
52.01264008096338,4.3323119218471415,106.79982557416287,52.01265134736565,4.332251292709096,Dood,52.01261404964317,4.332284486531035,-5m
52.01264008096338,4.3323119218471415,356.0555246045052,52.01257777840128,4.332318901600583,Dood,52.01261404964317,4.332284486531035,+5m
52.00872180226452,4.333212865413473,31.462063392975665,52.00868034585181,4.33317165489453,Goed,52.008692416933805,4.333220175910383,-5m
52.00872180226452,4.333212865413473,296.73944659835496,52.008704488015795,4.333268696926238,Goed,52.008692416933805,4.333220175910383,+5m
52.01070862458725,4.3320754169723354,138.50101753097147,52.010743202586674,4.332025717182367,Dood,52.01072894381652,4.332067003094303,-5m
52.01070862458725,4.3320754169723354,230.3473002385217,52.010726673212034,4.332110795882259,Dood,52.01072894381652,4.332067003094303,+5m
52.00760778385002,4.3333753790533525,348.21090443989226,52.00719645463565,4.333514845411435,Slecht,52.00721785440781,4.333560034456028,-5m
52.00760778385002,4.3333753790533525,338.99770337485415,52.007239254179986,4.3336052235006175,Slecht,52.00721785440781,4.333560034456028,+5m
52.01189669587654,4.3332608124342675,97.719690394758,52.01190117560273,4.333207120708867,Zeer Slecht,52.01191587989517,4.333254909659304,-5m
52.01189669587654,4.3332608124342675,217.26240945312784,52.01193058418761,4.33330269860974,Zeer Slecht,52.01191587989517,4.333254909659304,+5m
51.99544928974784,4.334667055398529,143.71323718933024,51.995498498467995,4.33460837669856,Slecht,51.99550654046944,4.334657725722995,-5m
51.99544928974784,4.334667055398529,200.6760494891171,51.99551458247089,4.33470707474743,Slecht,51.99550654046944,4.334657725722995,+5m
51.99085322469749,4.3345486154048025,123.45385510925223,51.99087342368152,4.334498970359929,Slecht,51.99087252519255,4.334548962286453,-5m
51.99085322469749,4.3345486154048025,239.30446680748554,51.99087162670357,4.334598954212977,Slecht,51.99087252519255,4.334548962286453,+5m
51.99073194365183,4.334354275712484,74.21999994370213,51.990722283337085,4.33429876251035,Slecht,51.990707575088635,4.33434654691056,-5m
51.99073194365183,4.334354275712484,328.08708693022356,51.990692459013786,4.334394207211453,Slecht,51.990707575088635,4.33434654691056,+5m
52.00839503747752,4.333525629132468,147.4806026661107,52.00846434951083,4.333453839831957,Goed,52.0084409,4.333498,-5m
52.00839503747752,4.333525629132468,159.65392353903326,52.0084409,4.333498,Goed,52.0084409,4.333498,+5m
52.00878516080936,4.333432325625281,25.8691523782756,52.00873545390742,4.333393167667073,Goed,52.00874752498941,4.333441688682927,-5m
52.00878516080936,4.333432325625281,307.12030260013853,52.00875802525809,4.3334905723648856,Goed,52.00874752498941,4.333441688682927,+5m
52.01152899641008,4.333890980181094,229.15521284054205,52.011590108513865,4.334005824814815,Slecht,52.01162183042891,4.333967176139468,-5m
52.01152899641008,4.333890980181094,190.51128885014063,52.011653552343944,4.333928527464118,Slecht,52.01162183042891,4.333967176139468,+5m
52.01097966521587,4.33347430624012,267.66140194045556,52.01098124255971,4.333537056008527,Dood,52.011010459873134,4.333496480787071,-5m
52.01097966521587,4.33347430624012,169.31251132231603,52.01103967718656,4.333455905565617,Dood,52.011010459873134,4.333496480787071,+5m
52.01249351254516,4.33475026252513,300.02120625812415,52.012474294788035,4.33480429709888,Slecht,52.012511980657365,4.334771437171018,-5m
52.01249351254516,4.33475026252513,183.93795254085796,52.0125314,4.3347545,Slecht,52.012511980657365,4.334771437171018,+5m
52.01129290815913,4.334268984747655,250.85023103930743,52.01130967930787,4.334347450893311,Slecht,52.01134140860876,4.334308808281272,-5m
52.01129290815913,4.334268984747655,180.51907338669739,52.011373137909644,4.334270165669235,Slecht,52.01134140860876,4.334308808281272,+5m
52.008807771354476,4.333733978264658,353.33287484347176,52.00856591952781,4.333779906022265,Goed,52.00880473216678,4.333733084791771,-5m
52.008807771354476,4.333733978264658,300.6063979364279,52.00879062974649,4.333781054800548,Goed,52.00880473216678,4.333733084791771,+5m
52.008607847689674,4.333784763371116,231.8288914884608,52.00863105342141,4.333832720745583,Goed,52.008590852620394,4.333803062409911,-5m
52.008607847689674,4.333784763371116,10.231765777754788,52.008554216045404,4.333769036517227,Goed,52.008590852620394,4.333803062409911,+5m
52.008255616946,4.3346452671589955,215.59584049192907,52.00844901169036,4.334870165406281,Slecht,52.00848088455385,4.334831641120784,-5m
52.008255616946,4.3346452671589955,199.49017464712054,52.008512757417336,4.334793116835288,Slecht,52.00848088455385,4.334831641120784,+5m
52.007616459862454,4.333456902185141,348.498446582701,52.00722957820561,4.333584791131798,Slecht,52.007250977977776,4.33362998017639,-5m
52.007616459862454,4.333456902185141,338.6705689815007,52.00727237774995,4.333675169220981,Slecht,52.007250977977776,4.33362998017639,+5m
52.00766191973492,4.333449264438757,212.93486864938558,52.007934812041654,4.333736447685442,Slecht,52.00796642091471,4.333697706503945,-5m
52.00766191973492,4.333449264438757,201.0092358594391,52.00799802978777,4.3336589653224475,Slecht,52.00796642091471,4.333697706503945,+5m
52.007873817210985,4.333936818702363,4.331282480961249,52.00778067974481,4.333925358795145,Slecht,52.00781228861787,4.333886617613647,-5m
52.007873817210985,4.333936818702363,61.34372548082712,52.007843897490936,4.333847876432151,Slecht,52.00781228861787,4.333886617613647,+5m
52.0078939320947,4.333737729457635,282.1109129212741,52.00788623772016,4.333795982443335,Slecht,52.00791784659322,4.333757241261838,-5m
52.0078939320947,4.333737729457635,167.96560401900683,52.00794945546628,4.33371850008034,Slecht,52.00791784659322,4.333757241261838,+5m
52.008001915565735,4.333967848548055,16.05543776825965,52.007816674813675,4.333881241705205,Zeer Slecht,52.007848283686734,4.3338425005237085,-5m
52.008001915565735,4.333967848548055,39.61645422305628,52.00787989255979,4.333803759342211,Zeer Slecht,52.007848283686734,4.3338425005237085,+5m
51.99822400091264,4.33496316673507,275.2417326463164,51.998221104024154,4.335014453819567,Slecht,51.99821240120286,4.3349652170355375,-5m
51.99822400091264,4.33496316673507,55.052869891281205,51.998203698381566,4.334915980251509,Slecht,51.99821240120286,4.3349652170355375,+5m
52.0087064794994,4.333846782781888,163.88067044136164,52.00874638746992,4.333828045741787,Goed,52.008706463931766,4.333853975030155,-5m
52.0087064794994,4.333846782781888,359.45321007693934,52.008657846424775,4.333847536806087,Goed,52.008706463931766,4.333853975030155,+5m
52.00760276217826,4.334075675762906,267.77362007653915,52.007604337246825,4.33414149167362,Zeer Slecht,52.00763594611989,4.334102750492124,-5m
52.00760276217826,4.334075675762906,173.67538887359615,52.00766755499295,4.334064009310625,Zeer Slecht,52.00763594611989,4.334102750492124,+5m
52.01228388157064,4.3344885357626355,247.14800520889148,52.01236113738345,4.334786374586421,Zeer Slecht,52.0122843,4.3345294,-5m
52.01228388157064,4.3344885357626355,254.7087457750455,52.012298810034686,4.33457724829039,Zeer Slecht,52.0122843,4.3345294,+5m
52.01243232731871,4.334690109724994,228.16099115985776,52.0124567162941,4.334734367481999,Slecht,52.012439181714875,4.33468754293148,-5m
52.01243232731871,4.334690109724994,74.82318025441032,52.01242395384453,4.334639956393401,Slecht,52.012439181714875,4.33468754293148,+5m
52.01244158114409,4.334579022349746,208.25085606855745,52.01248520346239,4.334617105731366,Slecht,52.01246926843126,4.3345697129599445,-5m
52.01244158114409,4.334579022349746,108.61064428443723,52.01245333340013,4.3345223201885235,Slecht,52.01246926843126,4.3345697129599445,+5m
52.012172890377215,4.33383472485946,22.770270258652488,52.01211979638329,4.333798516139029,Zeer Slecht,52.01213423710368,4.333846385394241,-5m
52.012172890377215,4.33383472485946,303.45749362302456,52.01214867782407,4.333894254649453,Zeer Slecht,52.01213423710368,4.333846385394241,+5m
52.01375193443261,4.334255831824068,236.58543689035565,52.01378968849283,4.334348809729195,Zeer Slecht,52.01382048237503,4.334309417638379,-5m
52.01375193443261,4.334255831824068,185.0255042566724,52.01385127625723,4.33427002554756,Zeer Slecht,52.01382048237503,4.334309417638379,+5m
52.01396834997658,4.333956598597634,232.0996784134765,52.014016968248804,4.334058069356479,Slecht,52.01404776213101,4.334018677265662,-5m
52.01396834997658,4.333956598597634,187.22079216889387,52.01407855601321,4.333979285174844,Slecht,52.01404776213101,4.334018677265662,+5m
52.01546079387071,4.334550440214836,214.41002410733168,52.01549950250799,4.334593521458225,Slecht,52.01548942310761,4.334544547937952,-5m
52.01546079387071,4.334550440214836,118.7820274128502,52.01547934370722,4.33449557441768,Slecht,52.01548942310761,4.334544547937952,+5m
52.01437991214909,4.334688349809571,345.3917331549689,52.01432646582681,4.334710983086041,Dood,52.01435622740116,4.334670805372163,-5m
52.01437991214909,4.334688349809571,99.70667701924793,52.014385988975505,4.334630627658285,Dood,52.01435622740116,4.334670805372163,+5m
52.01436365380304,4.334087638931942,99.96822608174335,52.014369866360255,4.3340302063203175,Slecht,52.01439010926545,4.334075925296568,-5m
52.01436365380304,4.334087638931942,204.1407514991393,52.01441035217064,4.334121644272817,Slecht,52.01439010926545,4.334075925296568,+5m
52.01189596689652,4.334069132620965,111.62891651703967,52.01190982488269,4.3340123498087815,Slecht,52.01192484057137,4.3340600418321555,-5m
52.01189596689652,4.334069132620965,208.42836729938358,52.01193985626004,4.334107733855531,Slecht,52.01192484057137,4.3340600418321555,+5m
52.01205965892785,4.334606434129655,117.6800488342111,52.01207849878453,4.334548082790677,Slecht,52.01209351447321,4.334595774814051,-5m
52.01205965892785,4.334606434129655,205.0042762206707,52.01210853016188,4.334643466837427,Slecht,52.01209351447321,4.334595774814051,+5m
52.014398151210735,4.334022162173408,24.015073647676104,52.01435128173268,4.333988232594782,Dood,52.01437152463787,4.334033951571033,-5m
52.014398151210735,4.334022162173408,280.2238975370566,52.01439176754307,4.334079670547282,Dood,52.01437152463787,4.334033951571033,+5m
51.98682399553924,4.336227829917268,191.21397583105022,51.98688711286954,4.336248149340332,Slecht,51.98684116003717,4.336267855613375,-5m
51.98682399553924,4.336227829917268,308.0467535503533,51.9867952072048,4.336287561886417,Slecht,51.98684116003717,4.336267855613375,+5m
51.98727965364752,4.336556593479177,298.8671690730009,51.987255739678474,4.336627032394319,Slecht,51.987301599195824,4.336607109927894,-5m
51.98727965364752,4.336556593479177,195.52893447664866,51.987347458713174,4.336587187461473,Slecht,51.987301599195824,4.336607109927894,+5m
51.98720232092321,4.336592618383916,300.49118234827347,51.98717751900075,4.336661013319448,Slecht,51.9872233785181,4.336641090853026,-5m
51.98720232092321,4.336592618383916,194.7214562531324,51.98726923803545,4.336621168386602,Slecht,51.9872233785181,4.336641090853026,+5m
51.99503839408573,4.336259712518558,15.677832961417096,51.99499456516468,4.336239733849868,Slecht,51.995016357729256,4.336263222814491,-5m
51.99503839408573,4.336259712518558,293.5166956042766,51.995024223342014,4.336312600260111,Slecht,51.995016357729256,4.336263222814491,+5m
51.99390311197668,4.335554946986854,312.8167742940884,51.993872074378544,4.335609349175201,Zeer Slecht,51.99391800975379,4.335589602243773,-5m
51.99390311197668,4.335554946986854,188.58119887569802,51.99396394512904,4.335569855312344,Zeer Slecht,51.99391800975379,4.335589602243773,+5m
51.99397358800666,4.335523181853664,311.68069458641685,51.99394308324378,4.335578823525089,Zeer Slecht,51.993989018619025,4.33555907659366,-5m
51.99397358800666,4.335523181853664,204.53444277231364,51.9940099,4.3355501,Zeer Slecht,51.993989018619025,4.33555907659366,+5m
51.994425238256305,4.335255510747168,11.394801140580569,51.99432231990228,4.335221823921901,Slecht,51.994330463743545,4.335271156242437,-5m
51.994425238256305,4.335255510747168,335.210726028208,51.99433860758481,4.3353204885629735,Slecht,51.994330463743545,4.335271156242437,+5m
51.987826872052665,4.336321748537125,300.78379747163683,51.98780191153389,4.336389784688441,Slecht,51.9878477720028,4.336369864412547,-5m
51.987826872052665,4.336321748537125,194.57900443845642,51.98789363247171,4.336349944136652,Slecht,51.9878477720028,4.336369864412547,+5m
51.98792386893247,4.336282335505699,302.66012757954763,51.98789791475444,4.3363480840541975,Slecht,51.98794377522335,4.336328163778302,-5m
51.98792386893247,4.336282335505699,193.63637640638746,51.98798963569226,4.336308243502407,Slecht,51.98794377522335,4.336328163778302,+5m
51.988011058463734,4.336241856352466,300.8603606315522,51.98798605690063,4.336309798011513,Slecht,51.98803191736954,4.336289877735617,-5m
51.988011058463734,4.336241856352466,194.54072130055275,51.98807777783845,4.336269957459724,Slecht,51.98803191736954,4.336289877735617,+5m
51.98809271521532,4.336205889003998,300.52186145764546,51.98806789575897,4.336274249909284,Slecht,51.988113756227875,4.336254329633388,-5m
51.98809271521532,4.336205889003998,194.70983836770472,51.988159616696784,4.336234409357494,Slecht,51.988113756227875,4.336254329633388,+5m
51.98826204706855,4.336133492564725,301.30982014780943,51.98823680528177,4.336200881180707,Slecht,51.98828266575068,4.336180960904811,-5m
51.98826204706855,4.336133492564725,194.315704159447,51.98832852621959,4.336161040628918,Slecht,51.98828266575068,4.336180960904811,+5m
51.9884207738257,4.33606632339866,302.5394630916497,51.98839488376738,4.336132215267643,Slecht,51.988440743556026,4.336112293425729,-5m
51.9884207738257,4.33606632339866,193.69466461276167,51.988486603344676,4.336092371583816,Slecht,51.988440743556026,4.336112293425729,+5m
51.9955267365832,4.336068329488512,17.32730798635049,51.99545574961511,4.336032360227311,Slecht,51.99550135429228,4.336011861119514,-5m
51.9955267365832,4.336068329488512,113.10873293769487,51.99554695896945,4.3359913620117165,Slecht,51.99550135429228,4.336011861119514,+5m
51.99505085702754,4.3363326789606855,42.51106478752581,51.99502013613429,4.33628694226204,Slecht,51.995028001747045,4.3363363197076605,-5m
51.99505085702754,4.3363326789606855,294.66336468029266,51.9950358673598,4.336385697153281,Slecht,51.995028001747045,4.3363363197076605,+5m
51.987722100705824,4.336367298202329,300.8112605952613,51.987697125407244,4.336435300327565,Slecht,51.98774298587615,4.336415380051671,-5m
51.987722100705824,4.336367298202329,194.56527910824767,51.98778884634506,4.336395459775776,Slecht,51.98774298587615,4.336415380051671,+5m
51.98765495335679,4.336396388010571,300.75898223399946,51.98763000611768,4.336464454734352,Slecht,51.98767586658659,4.336444534458456,-5m
51.98765495335679,4.336396388010571,194.59141293894703,51.9877217270555,4.336424614182562,Slecht,51.98767586658659,4.336444534458456,+5m
51.98757694159711,4.336431861606261,301.84779885970926,51.98755141412056,4.336498592507104,Slecht,51.98759727458947,4.336478672231209,-5m
51.98757694159711,4.336431861606261,194.04567810465724,51.98764313505838,4.336458751955314,Slecht,51.98759727458947,4.336478672231209,+5m
51.99120503362656,4.3363119673529305,333.2370985025003,51.99107209928647,4.336420840207979,Slecht,51.99105304559126,4.336374612979004,-5m
51.99120503362656,4.3363119673529305,356.61722148332444,51.99103399189604,4.33632838575003,Slecht,51.99105304559126,4.336374612979004,+5m
51.991169259422215,4.335661136266916,344.60575431533783,51.99108073392082,4.3357007190834524,Dood,51.991120064237954,4.335731255678884,-5m
51.991169259422215,4.335661136266916,277.7327591323387,51.99116099520697,4.335759972499317,Dood,51.991120064237954,4.335731255678884,+5m
51.97978108663393,4.33825693317025,31.623489893669444,51.979737462031366,4.3382133206089994,Dood,51.979745420147474,4.338262683230365,-5m
51.97978108663393,4.33825693317025,309.2229380818197,51.97975337826358,4.33831204585173,Dood,51.979745420147474,4.338262683230365,+5m
52.01018372591614,4.3356412781866895,253.78348402282114,52.01019729550583,4.335717078225853,Slecht,52.010229004833135,4.335678419222306,-5m
52.01018372591614,4.3356412781866895,179.30504608251215,52.01026071510351,4.335639760992229,Slecht,52.010229004833135,4.335678419222306,+5m
52.010202219191854,4.336247503683978,357.7287942146977,52.01001309897069,4.336259689549975,Goed,52.0100605,4.3362756,-5m
52.010202219191854,4.336247503683978,342.4967058829586,52.01005141565949,4.3363247678223775,Goed,52.0100605,4.3362756,+5m
52.01024300350269,4.336141043203732,342.37753261519265,52.01001309897069,4.336259689549975,Goed,52.0100605,4.3362756,-5m
52.01024300350269,4.336141043203732,329.44844349615494,52.01005141565949,4.3363247678223775,Goed,52.0100605,4.3362756,+5m
52.011762614766205,4.335939023743365,151.50251053765237,52.01183691398503,4.335873488439094,Zeer Slecht,52.01184654299849,4.335922552500277,-5m
52.011762614766205,4.335939023743365,192.10230376069117,52.01185617201196,4.335971616561459,Zeer Slecht,52.01184654299849,4.335922552500277,+5m
52.01204372616391,4.335630661044769,14.023314408826025,52.011891782834255,4.335569004397185,Zeer Slecht,52.01192381521552,4.335530612646112,-5m
52.01204372616391,4.335630661044769,44.116470429729816,52.01195584759678,4.335492220895037,Zeer Slecht,52.01192381521552,4.335530612646112,+5m
52.012106077808,4.3355558096907005,14.017717010061517,52.01195419403643,4.335494202735754,Zeer Slecht,52.01198622641769,4.335455810984679,-5m
52.012106077808,4.3355558096907005,44.12556347821942,52.01201825879895,4.335417419233606,Zeer Slecht,52.01198622641769,4.335455810984679,+5m
52.01227019937001,4.335553269645191,152.17118197816967,52.01236259272859,4.3354740276292505,Zeer Slecht,52.01237668019524,4.335522002031627,-5m
52.01227019937001,4.335553269645191,184.87478790022521,52.01239076766189,4.3355699764340025,Zeer Slecht,52.01237668019524,4.335522002031627,+5m
52.012650651039216,4.33527074214404,203.76920976509047,52.01270190286646,4.335307415278015,Slecht,52.012687353258535,4.335259579006116,-5m
52.012650651039216,4.33527074214404,121.38482870533755,52.01267280365062,4.335211742734215,Slecht,52.012687353258535,4.335259579006116,+5m
52.012594637505536,4.335224990462991,22.27827863928661,52.01254055315363,4.335188990323631,Slecht,52.012554894097,4.335236889565202,-5m
52.012594637505536,4.335224990462991,304.61296010321473,52.012569235040374,4.335284788806775,Slecht,52.012554894097,4.335236889565202,+5m
52.012608186974646,4.3351308309442995,203.817984605823,52.01265935593872,4.335167529281464,Slecht,52.012644806330805,4.335119693009563,-5m
52.012608186974646,4.3351308309442995,121.30029085057328,52.01263025672288,4.335071856737664,Slecht,52.012644806330805,4.335119693009563,+5m
52.0137073115528,4.336084940202601,237.4496131118424,52.01374289778015,4.336175522380836,Slecht,52.013773430921546,4.336135927844898,-5m
52.0137073115528,4.336084940202601,184.1495439614228,52.01380396406295,4.336096333308961,Slecht,52.013773430921546,4.336135927844898,+5m
52.011982869363614,4.336190920046478,15.923135538859356,52.01190427996419,4.336154492401685,Dood,52.01194763531072,4.336129586299465,-5m
52.011982869363614,4.336190920046478,98.69876482777107,52.011990990657246,4.336104680197248,Dood,52.01194763531072,4.336129586299465,+5m
52.01429515968858,4.334800253442353,344.5115768172238,52.014242914387815,4.334823776373495,Dood,52.01427267596216,4.334783598659618,-5m
52.01429515968858,4.334800253442353,101.7536359415742,52.01430243753651,4.334743420945739,Dood,52.01427267596216,4.334783598659618,+5m
52.014518755207554,4.335201413960439,339.6881252314331,52.014472750945245,4.335229081535156,Dood,52.01450327843533,4.335189482641872,-5m
52.014518755207554,4.335201413960439,115.38728583601448,52.0145338059254,4.335149883748586,Dood,52.01450327843533,4.335189482641872,+5m
52.01397016609324,4.335227169237313,339.89417627142564,52.01392357481757,4.335254880378088,Goed,52.013953336391914,4.33521470266421,-5m
52.01397016609324,4.335227169237313,111.75792553632937,52.01398309796626,4.3351745249503315,Goed,52.013953336391914,4.33521470266421,+5m
52.01358386004213,4.335027601983021,151.1440881997744,52.01363616578761,4.3349807733653565,Slecht,52.01360538773331,4.335016870558657,-5m
52.01358386004213,4.335027601983021,88.6929853763038,52.01358308098337,4.334972122274808,Slecht,52.01360538773331,4.335016870558657,+5m
52.00940519681887,4.335031657249606,95.61826769403592,52.00940858083834,4.334975770922696,Goed,52.00942834000272,4.33502170103725,-5m
52.00940519681887,4.335031657249606,203.1350938496487,52.0094443,4.3350588,Goed,52.00942834000272,4.33502170103725,+5m
52.01172799299265,4.336209118551376,251.6955884226349,52.01174670462797,4.336301017861804,Zeer Slecht,52.01178283718847,4.3362664572184135,-5m
52.01172799299265,4.336209118551376,188.7605908758687,52.01181896974897,4.3362318965750255,Zeer Slecht,52.01178283718847,4.3362664572184135,+5m
52.00911525793667,4.335529905611986,359.1005975755345,52.009040484033385,4.335531812668738,Goed,52.009072948299355,4.3354937854227815,-5m
52.00911525793667,4.335529905611986,77.82688426959697,52.00910541256532,4.335455758176821,Goed,52.009072948299355,4.3354937854227815,+5m
52.00853064362735,4.33598859319877,194.39169297906835,52.00859404612205,4.336015023788939,Goed,52.00857364502592,4.335969375182426,-5m
52.00853064362735,4.33598859319877,137.21624279652133,52.0085615,4.3359422,Goed,52.00857364502592,4.335969375182426,+5m
52.00859017885653,4.335420396904911,11.778636749446889,52.00823257610466,4.33529925518623,Zeer Slecht,52.00822842404722,4.335348724940608,-5m
52.00859017885653,4.335420396904911,2.1470699811949885,52.00821870677411,4.3353977715980205,Zeer Slecht,52.00822842404722,4.335348724940608,+5m
52.00864995549927,4.335397393074465,214.26485036837127,52.00890976192374,4.33568493493001,Zeer Slecht,52.00894222618971,4.335646907684054,-5m
52.00864995549927,4.335397393074465,201.8448297648409,52.00897469045567,4.335608880438095,Zeer Slecht,52.00894222618971,4.335646907684054,+5m
52.00870965455029,4.335368724880615,214.7803231260355,52.008949085997266,4.3356388724002946,Zeer Slecht,52.00898155026323,4.335600845154335,-5m
52.00870965455029,4.335368724880615,201.43182108905427,52.0090140145292,4.335562817908378,Zeer Slecht,52.00898155026323,4.335600845154335,+5m
52.008755075488445,4.335319504202829,214.8343752851871,52.00899253986186,4.335587972410801,Zeer Slecht,52.00902500412782,4.335549945164841,-5m
52.008755075488445,4.335319504202829,201.3888498781177,52.00905746839379,4.335511917918884,Zeer Slecht,52.00902500412782,4.335549945164841,+5m
52.008783159015046,4.335218209407475,214.00703562561264,52.009054399523016,4.335515512662218,Slecht,52.00908686378899,4.335477485416258,-5m
52.008783159015046,4.335218209407475,202.0536919731947,52.00911932805496,4.335439458170301,Slecht,52.00908686378899,4.335477485416258,+5m
52.00873063463607,4.335231968801512,213.5345126206517,52.00902546221035,4.33554940858665,Zeer Slecht,52.00905792647632,4.335511381340691,-5m
52.00873063463607,4.335231968801512,202.4410973152286,52.009090390742294,4.3354733540947334,Zeer Slecht,52.00905792647632,4.335511381340691,+5m
52.008588564278476,4.335160289110576,19.492250749810808,52.008331351512645,4.335012379621817,Zeer Slecht,52.00836322437613,4.334973855336319,-5m
52.008588564278476,4.335160289110576,35.59265457759125,52.00839509723962,4.334935331050823,Zeer Slecht,52.00836322437613,4.334973855336319,+5m
52.008642015467984,4.33514764405957,20.202800717475498,52.00835928213667,4.334978620266174,Zeer Slecht,52.008391155000155,4.334940095980676,-5m
52.008642015467984,4.33514764405957,34.670569591037406,52.00842302786364,4.3349015716951795,Zeer Slecht,52.008391155000155,4.334940095980676,+5m
52.00874671209979,4.335131014073716,21.337317107305864,52.008409993644506,4.334917325974035,Slecht,52.008441866507994,4.334878801688539,-5m
52.00874671209979,4.335131014073716,33.248736550075364,52.00847373937148,4.334840277403042,Slecht,52.008441866507994,4.334878801688539,+5m
52.008686320116084,4.335069084659831,19.878309444529748,52.00841586999295,4.33491022331364,Zeer Slecht,52.00844774285644,4.334871699028144,-5m
52.008686320116084,4.335069084659831,35.08849754636077,52.00847961571993,4.334833174742646,Zeer Slecht,52.00844774285644,4.334871699028144,+5m
52.008635353020864,4.335070018834108,18.94627772131986,52.00839470060225,4.334935810460878,Zeer Slecht,52.00842657346574,4.33489728617538,-5m
52.008635353020864,4.335070018834108,36.31822322770614,52.00845844632923,4.334858761889884,Zeer Slecht,52.00842657346574,4.33489728617538,+5m
52.008905264757985,4.335981016255345,314.4590806359557,52.00878389679289,4.336181948574509,Goed,52.0088161,4.3361437,-5m
52.008905264757985,4.335981016255345,311.6824518300157,52.0088161,4.3361437,Goed,52.0088161,4.3361437,+5m
52.01024841397081,4.335561320624355,253.26964127691878,52.01026251997022,4.335637560665596,Slecht,52.010294230240596,4.33559890243552,-5m
52.01024841397081,4.335561320624355,179.51035028286742,52.010325940510974,4.335560244205444,Slecht,52.010294230240596,4.33559890243552,+5m
51.98166553256123,4.33720007420373,153.79689066395076,51.98170599598473,4.337167743048808,Slecht,51.981660143854334,4.337187682510636,-5m
51.98166553256123,4.33720007420373,357.9089012077568,51.9816263,4.3372024,Slecht,51.981660143854334,4.337187682510636,+5m
51.98129367232021,4.338181328645194,128.3661342402371,51.98132020188032,4.338126917843279,Slecht,51.98132743591191,4.33817639176355,-5m
51.98129367232021,4.338181328645194,211.01751251420805,51.9813339,4.3382206,Slecht,51.98132743591191,4.33817639176355,+5m
51.98120016669038,4.338357324967725,22.55351807806767,51.981125212168465,4.338306783922793,Slecht,51.98117142954261,4.3382877063357626,-5m
51.98120016669038,4.338357324967725,107.74340143519987,51.98121764691676,4.338268628748735,Slecht,51.98117142954261,4.3382877063357626,+5m
51.98016591995309,4.337309107432482,22.82248200723177,51.980105513129324,4.337267835835149,Slecht,51.98011313729335,4.337317251137667,-5m
51.98016591995309,4.337309107432482,321.8656272505408,51.98012076145737,4.337366666440185,Slecht,51.98011313729335,4.337317251137667,+5m
51.98059100188422,4.337016074097504,126.63158392285749,51.98061583515917,4.3369618477662355,Slecht,51.98062316501318,4.337011307580633,-5m
51.98059100188422,4.337016074097504,214.87773409859005,51.98063049486719,4.33706076739503,Slecht,51.98062316501318,4.337011307580633,+5m
51.98060920917987,4.337128404337746,125.02034865522165,51.9806325158242,4.337074404250343,Slecht,51.980639845678205,4.337123864064741,-5m
51.98060920917987,4.337128404337746,216.08194158938883,51.98064717553222,4.337173323879138,Slecht,51.980639845678205,4.337123864064741,+5m
51.98092522683093,4.337433309350464,123.29981941685139,51.9809470764513,4.337379304165764,Slecht,51.98095477001955,4.337428708710166,-5m
51.98092522683093,4.337433309350464,216.5417826938836,51.980962463587794,4.337478113254569,Slecht,51.98095477001955,4.337428708710166,+5m
51.9870567385923,4.336854447800074,317.82106188159236,51.98702333877605,4.3369035884442075,Slecht,51.98706933080892,4.336883973834554,+5m
51.98715052078254,4.337434795214398,130.33782674704207,51.98717953503117,4.3373793152851,Slecht,51.987187696320504,4.337428644722116,-5m
51.98715052078254,4.337434795214398,210.39274979674892,51.98719585760985,4.337477974159131,Slecht,51.987187696320504,4.337428644722116,+5m
51.986146484132405,4.337432380562033,38.10575733598773,51.9861111420935,4.337387373903534,Slecht,51.98611899703735,4.3374367530474816,-5m
51.986146484132405,4.337432380562033,300.6705735743916,51.986126851981204,4.33748613219143,Slecht,51.98611899703735,4.3374367530474816,+5m
51.98616345195774,4.337532786751905,37.25902711273329,51.98612713869613,4.337487934589799,Slecht,51.986134993639986,4.337537313733748,-5m
51.98616345195774,4.337532786751905,301.82447864341077,51.986142848583846,4.337586692877696,Slecht,51.986134993639986,4.337537313733748,+5m
51.98618236901208,4.337645143643992,36.3993795853263,51.98614503753534,4.337600453453564,Slecht,51.98615289247919,4.337649832597512,-5m
51.98618236901208,4.337645143643992,302.99719221690253,51.98616074742304,4.337699211741461,Slecht,51.98615289247919,4.337649832597512,+5m
51.99511927427301,4.337346124986316,161.70597718142108,51.995193280811705,4.3373063887197265,Slecht,51.99518606546705,4.33735586536878,-5m
51.99511927427301,4.337346124986316,211.4674782600239,51.9951788501224,4.337405342017833,Slecht,51.99518606546705,4.33735586536878,+5m
51.995015745108056,4.337342535054326,258.2069515126219,51.99503603385057,4.337500356049027,Slecht,51.995081110472995,4.33747872047391,-5m
51.995015745108056,4.337342535054326,212.56361346643578,51.99512618709542,4.3374570848987934,Slecht,51.995081110472995,4.33747872047391,+5m
51.992483489003995,4.338063059254493,210.09124038461505,51.99258438499413,4.3381580090246015,Slecht,51.99260320128446,4.338111684655007,-5m
51.992483489003995,4.338063059254493,180.58601061370845,51.99262201757479,4.338065360285413,Slecht,51.99260320128446,4.338111684655007,+5m
51.988324140430166,4.337256898962284,358.33342410304664,51.98827072322229,4.337259422738954,Slecht,51.98831658342804,4.337239501857222,-5m
51.988324140430166,4.337256898962284,149.03699105236,51.98836244363378,4.33721958097549,Slecht,51.98831658342804,4.337239501857222,+5m
51.99291057752475,4.33727734443205,272.22345075053664,51.99290803592701,4.337383656184099,Zeer Slecht,51.9929527137048,4.337361208552347,-5m
51.99291057752475,4.33727734443205,203.53882939055825,51.9929973914826,4.337338760920598,Zeer Slecht,51.9929527137048,4.337361208552347,+5m
51.98370421632484,4.337879190790013,36.32445860489605,51.98366668455474,4.337834386189654,Slecht,51.98367430279969,4.337883802405048,-5m
51.98370421632484,4.337879190790013,303.82335502482636,51.98368192104464,4.337933218620441,Slecht,51.98367430279969,4.337883802405048,+5m
51.97823454574664,4.339735414576552,3.919758185537262,51.97809122091332,4.339719471089437,Slecht,51.97811026544717,4.339673832571871,-5m
51.97823454574664,4.339735414576552,32.97008868576046,51.978134963483036,4.339630544877015,Slecht,51.97811026544717,4.339673832571871,+5m
51.9786400812694,4.3391152450462815,210.65128702816182,51.97868552359151,4.3391589648524285,Slecht,51.97867807703564,4.3391095224737875,-5m
51.9786400812694,4.3391152450462815,131.95736167055446,51.97867063047977,4.3390600800951455,Slecht,51.97867807703564,4.3391095224737875,+5m
51.980980793078004,4.338446912988613,252.95023858040946,51.98099007595197,4.338496056842925,Slecht,51.98098191369579,4.338446727565877,-5m
51.980980793078004,4.338446912988613,76.99856355201729,51.98097375143962,4.338397398288829,Slecht,51.98098191369579,4.338446727565877,+5m
51.98076319582092,4.338536123792822,301.841659042033,51.9807424560361,4.338590343985296,Slecht,51.980734114009984,4.338541044790573,-5m
51.98076319582092,4.338536123792822,36.14370255433687,51.98072577198386,4.338491745595851,Slecht,51.980734114009984,4.338541044790573,+5m
51.98076494030517,4.339454266681381,301.32281825895257,51.980739083052484,4.339523251615499,Slecht,51.98078537860373,4.339504364531675,-5m
51.98076494030517,4.339454266681381,196.06971016480867,51.98083167415497,4.33948547744785,Slecht,51.98078537860373,4.339504364531675,+5m
52.00867555820558,4.3376643023760195,318.75224076164324,52.008637713864445,4.337718215806627,Slecht,52.008632877446836,4.337668450265691,+5m
52.01432348586094,4.336577516676381,350.7912531764556,52.01426238971726,4.336593610193956,Goed,52.014292867984665,4.336553973402762,-5m
52.01432348586094,4.336577516676381,89.79426730011375,52.01432334625207,4.336514336611571,Goed,52.014292867984665,4.336553973402762,+5m
52.014553511705984,4.336337175153138,2.2667330713479714,52.01446399926217,4.336331418274448,Dood,52.014494477529574,4.336291781483255,-5m
52.014553511705984,4.336337175153138,61.38052106525504,52.01452495579698,4.336252144692063,Dood,52.014494477529574,4.336291781483255,+5m
52.00908120580929,4.33700441819125,253.31743173910894,52.00909537036425,4.337081204981815,Slecht,52.00912732919207,4.337042751980314,-5m
52.00908120580929,4.33700441819125,191.8269458240853,52.009142,4.3370251,Slecht,52.00912732919207,4.337042751980314,+5m
52.011400287344955,4.337653520523393,11.362280609361733,52.01132308056785,4.337628314003465,Slecht,52.011364570824796,4.337600411340894,-5m
52.011400287344955,4.337653520523393,96.60492496196264,52.01140606108174,4.337572508678322,Slecht,52.011364570824796,4.337600411340894,+5m
52.011436282636645,4.336438976023262,330.5040387107401,52.01135236335667,4.336516102144819,Slecht,52.01133810843649,4.336468177232188,-5m
52.011436282636645,4.336438976023262,5.852647702767911,52.011323853516316,4.336420252319556,Slecht,52.01133810843649,4.336468177232188,+5m
52.01152808146251,4.336314725081661,233.8288489386682,52.01158955479883,4.336451331017803,Zeer Slecht,52.011625687359334,4.336416770374415,-5m
52.01152808146251,4.336314725081661,197.25395010409216,52.01166181991984,4.336382209731024,Zeer Slecht,52.011625687359334,4.336416770374415,+5m
52.0097715165555,4.336724245756287,112.77787486211065,52.00978738482995,4.33666285131989,Slecht,52.00980729281311,4.336708717126397,-5m
52.0097715165555,4.336724245756287,198.53854909353615,52.009827200796266,4.336754582932905,Slecht,52.00980729281311,4.336708717126397,+5m
52.010268914201205,4.337560846086354,356.5625192733294,52.010205457077326,4.337567038745868,Slecht,52.01024146876039,4.337532352168023,-5m
52.010268914201205,4.337560846086354,102.42241665488348,52.010277480443456,4.337497665590176,Slecht,52.01024146876039,4.337532352168023,+5m
52.009981670004834,4.337711210960414,263.6917097899324,52.00998681183378,4.337786776118329,Slecht,52.010022040872755,4.337751294928767,-5m
52.009981670004834,4.337711210960414,182.14616651139687,52.010057269911734,4.337715813739204,Slecht,52.010022040872755,4.337751294928767,+5m
52.0126300318463,4.336326469746313,23.862269218931146,52.01257621940962,4.336287794713667,Slecht,52.01258770257876,4.336336458219771,-5m
52.0126300318463,4.336326469746313,310.512995195616,52.012599185747916,4.336385121725873,Slecht,52.01258770257876,4.336336458219771,+5m
52.01219573851876,4.337577644462438,295.25134255789146,52.012177897520765,4.337639100921394,Slecht,52.01221875777445,4.337610283571262,-5m
52.01219573851876,4.337577644462438,183.914762256426,52.0122556,4.3375843,Slecht,52.01221875777445,4.337610283571262,+5m
52.0117119888816,4.337541339994602,4.909394666131902,52.01160780760473,4.3375268011014505,Goed,52.01163742594352,4.337486517680452,-5m
52.0117119888816,4.337541339994602,52.48328106342416,52.011667044282305,4.33744623425945,Goed,52.01163742594352,4.337486517680452,+5m
52.00546561522309,4.337822520963594,112.81021968035822,52.005481702982735,4.3377603816205506,Dood,52.00550229416439,4.337805944799086,+5m
52.00545111394151,4.337632746058037,273.1811067571231,52.005449207244766,4.337688476611098,Goed,52.005428616063114,4.337642913432562,-5m
52.00545111394151,4.337632746058037,26.82470596551741,52.00540802488147,4.3375973502540255,Goed,52.005428616063114,4.337642913432562,+5m
52.005453693462755,4.337577281146862,301.4247713388698,52.005428829863334,4.337643386519421,Goed,52.00540823868168,4.337597823340885,-5m
52.005453693462755,4.337577281146862,13.12732038239426,52.00538764750004,4.337552260162348,Goed,52.00540823868168,4.337597823340885,+5m
52.00533226845517,4.337520350511657,198.79784021395457,52.005386871417706,4.337550542884622,Dood,52.00536628023606,4.337504979706085,-5m
52.00533226845517,4.337520350511657,109.68642466191329,52.005345689054415,4.337459416527549,Dood,52.00536628023606,4.337504979706085,+5m
52.00531640834193,4.337532009583845,190.7553766801618,52.00538855697819,4.3375542726119685,Goed,52.005367965796545,4.337508709433432,-5m
52.00531640834193,4.337532009583845,126.14750170498996,52.0053473746149,4.337463146254895,Goed,52.005367965796545,4.337508709433432,+5m
52.005317477657215,4.337485610348862,199.2419918553288,52.00537132563361,4.33751614391964,Goed,52.00535073445196,4.337470580741104,-5m
52.005317477657215,4.337485610348862,108.75534605155576,52.005330143270314,4.337425017562567,Goed,52.00535073445196,4.337470580741104,+5m
52.005296623956745,4.3374554107437175,195.9779033166423,52.005356455569,4.3374832401543175,Goed,52.00533586438735,4.3374376769757825,-5m
52.005296623956745,4.3374554107437175,115.57654273748312,52.0053152732057,4.337392113797245,Goed,52.00533586438735,4.3374376769757825,+5m
52.005311979751475,4.337259242533232,302.812182168297,52.00528544191052,4.337326104538945,Goed,52.00526485072888,4.337280541360408,-5m
52.005311979751475,4.337259242533232,12.438410454235282,52.00524425954723,4.337234978181872,Goed,52.00526485072888,4.337280541360408,+5m
52.00529125802711,4.337281123498186,271.88019995945035,52.00529013901869,4.337336498074469,Goed,52.005269547837045,4.3372909348959325,-5m
52.00529125802711,4.337281123498186,27.48687902130075,52.00524895665539,4.337245371717397,Goed,52.005269547837045,4.3372909348959325,+5m
52.00529543690961,4.337220567331072,303.4313587134334,52.00526812224097,4.337287780405357,Dood,52.00524753105932,4.337242217226822,-5m
52.00529543690961,4.337220567331072,12.128989378415724,52.00522693987767,4.3371966540482845,Dood,52.00524753105932,4.337242217226822,+5m
52.0052664804975,4.337223197248426,273.79447741215444,52.00526419822604,4.337279097533439,Goed,52.00524360704439,4.337233534354901,-5m
52.0052664804975,4.337223197248426,26.514898985747607,52.00522301586274,4.337187971176366,Goed,52.00524360704439,4.337233534354901,+5m
52.00527212821739,4.33717010754685,303.09924230238835,52.00524523257548,4.337237131252093,Dood,52.00522464139384,4.337191568073555,-5m
52.00527212821739,4.33717010754685,12.295115340358109,52.005204050212186,4.33714600489502,Dood,52.00522464139384,4.337191568073555,+5m
52.005141538121606,4.337080345619537,203.1481319411413,52.005189398819596,4.337113584996651,Goed,52.00516880763795,4.337068021818114,-5m
52.005141538121606,4.337080345619537,100.6147098287338,52.0051482164563,4.337022458639578,Goed,52.00516880763795,4.337068021818114,+5m
52.00510149149035,4.337058009370728,190.54723591693823,52.005174224618166,4.337080008251965,Goed,52.00515363343652,4.337034445073427,-5m
52.00510149149035,4.337058009370728,126.5541117333749,52.00513304225487,4.336988881894892,Goed,52.00515363343652,4.337034445073427,+5m
52.005115859001336,4.336893193684722,271.76478312827453,52.005114809319494,4.336948536930531,Goed,52.00509421813785,4.336902973751993,-5m
52.005115859001336,4.336893193684722,27.546041569863803,52.0050736269562,4.336857410573458,Goed,52.00509421813785,4.336902973751993,+5m
52.00513145057366,4.3368574944089815,303.49377144027426,52.005104056410254,4.3369247434090115,Goed,52.0050834652286,4.336879180230476,-5m
52.00513145057366,4.3368574944089815,12.097723178558624,52.005062874046956,4.336833617051939,Goed,52.0050834652286,4.336879180230476,+5m
52.00511422204294,4.3368427216754935,295.5580580457952,52.005095590564196,4.3369060105911466,Dood,52.00507499938254,4.336860447412611,-5m
52.00511422204294,4.3368427216754935,15.986844426838445,52.0050544082009,4.336814884234074,Dood,52.00507499938254,4.336860447412611,+5m
52.005083701323365,4.3368090641535435,279.4846190957072,52.00507778329908,4.336866607529516,Goed,52.005057192117434,4.336821044350979,-5m
52.005083701323365,4.3368090641535435,23.697728401359655,52.00503660093578,4.3367754811724435,Goed,52.005057192117434,4.336821044350979,+5m
52.00508780287418,4.33677511971415,298.9314110988258,52.00506574025184,4.336839959252549,Dood,52.00504514907019,4.336794396074012,-5m
52.00508780287418,4.33677511971415,14.351875685865537,52.00502455788854,4.336748832895476,Dood,52.00504514907019,4.336794396074012,+5m
52.00506124260375,4.336770265772585,273.0528451788665,52.0050594140778,4.336825960998237,Goed,52.00503882289615,4.336780397819702,-5m
52.00506124260375,4.336770265772585,26.889875082254093,52.0050182317145,4.336734834641164,Goed,52.00503882289615,4.336780397819702,+5m
51.98171579008289,4.338913752590927,6.045882684481114,51.98156157890864,4.338887234043981,Goed,51.98156929532593,4.338936635024783,-5m
51.98171579008289,4.338913752590927,342.2136879449044,51.98157701174323,4.338986036005585,Goed,51.98156929532593,4.338936635024783,+5m
51.98171415047972,4.338726732276925,185.77842431014858,51.98187503019687,4.33875316516993,Goed,51.98186761490093,4.338703718093312,-5m
51.98171415047972,4.338726732276925,163.00784456735153,51.98186019960498,4.338654271016694,Goed,51.98186761490093,4.338703718093312,+5m
51.98168192753794,4.338636183411478,5.395917535220292,51.98151844880524,4.338611112454179,Goed,51.98152616522253,4.338660513434981,-5m
51.98168192753794,4.338636183411478,342.9470202933878,51.98153388163983,4.338709914415783,Goed,51.98152616522253,4.338660513434981,+5m
51.98173397529508,4.338591077134115,189.29859982423832,51.9818555702554,4.338623401337953,Goed,51.98184815495945,4.338573954261335,-5m
51.98173397529508,4.338591077134115,158.991449923534,51.981840739663504,4.338524507184718,Goed,51.98184815495945,4.338573954261335,+5m
51.988659960120934,4.338685972092971,148.0366551926678,51.98871287416186,4.338632356683015,Slecht,51.98871617963572,4.338682247301798,-5m
51.988659960120934,4.338685972092971,205.52960407233783,51.98871948510958,4.338732137920582,Slecht,51.98871617963572,4.338682247301798,+5m
51.98865890248536,4.338890089736193,153.22930074248995,51.98872003422581,4.338840008937295,Slecht,51.98872010027595,4.338890008893668,-5m
51.98865890248536,4.338890089736193,206.64665419397662,51.98872016632609,4.338940008850042,Slecht,51.98872010027595,4.338890008893668,+5m
51.98683805602344,4.338578390446058,195.83528308066047,51.98690619983599,4.338609775233781,Slecht,51.98686033875147,4.338629694092338,-5m
51.98683805602344,4.338578390446058,298.26070188261605,51.98681447766695,4.3386496129508965,Slecht,51.98686033875147,4.338629694092338,+5m
51.991889088924424,4.33831546450256,287.81507018392836,51.991872278007925,4.3384004190069225,Slecht,51.99191792984501,4.338380025140918,-5m
51.991889088924424,4.33831546450256,200.05673352131979,51.99196358168209,4.338359631274912,Slecht,51.99191792984501,4.338380025140918,+5m
51.991094377975884,4.339152622740785,315.2679393222356,51.991059102680865,4.339209374654151,Slecht,51.991050681496766,4.339160088919314,-5m
51.991094377975884,4.339152622740785,26.294393148733207,51.99104226031266,4.339110803184479,Slecht,51.991050681496766,4.339160088919314,+5m
51.99128089973969,4.339353911917114,25.828541326027164,51.991228055146536,4.3393123735364405,Slecht,51.99123664571356,4.3393616300300035,-5m
51.99128089973969,4.339353911917114,315.4693632073155,51.9912452362806,4.339410886523566,Slecht,51.99123664571356,4.3393616300300035,+5m
51.992921507181585,4.338626038446191,34.921288837384736,51.99288764737765,4.338587647377652,Slecht,51.99292669286901,4.338618594103799,-5m
51.992921507181585,4.338626038446191,195.72778173792315,51.99296771999838,4.338647173373485,Slecht,51.99292669286901,4.338618594103799,+5m
51.99222997234065,4.338298405664452,14.283738324857325,51.99216280419626,4.338270634432286,Slecht,51.99220845613852,4.338250240801711,-5m
51.99222997234065,4.338298405664452,119.75736836111292,51.99225410808078,4.338229847171135,Slecht,51.99220845613852,4.338250240801711,+5m
51.992501555587864,4.338542946931521,50.02916892925043,51.992482429765225,4.338505892422433,Slecht,51.99252225125969,4.338522251259692,-5m
51.992501555587864,4.338542946931521,189.14881555444427,51.99255760659875,4.3385576065987514,Slecht,51.99252225125969,4.338522251259692,+5m
51.99265478271838,4.338184375242467,353.5602196643196,51.99256375498072,4.338201060892414,Slecht,51.99258516192325,4.338156096280324,-5m
51.99265478271838,4.338184375242467,42.120183862298745,51.99260397821358,4.338109771910729,Slecht,51.99258516192325,4.338156096280324,+5m
51.9924591717601,4.3381686390786,225.36031720842684,51.99251969866304,4.338268178584633,Slecht,51.99254713598262,4.338226379140924,-5m
51.9924591717601,4.3381686390786,184.7660947993878,51.99257376474969,4.338184155311675,Slecht,51.99254713598262,4.338226379140924,+5m
51.99216592200212,4.338697230325355,32.34518955424147,51.9921220334526,4.338652093824246,Slecht,51.99212793344212,4.338701744505245,-5m
51.99216592200212,4.338697230325355,313.8930620082999,51.99213383343164,4.338751395186245,Slecht,51.99212793344212,4.338701744505245,+5m
51.99271163677272,4.338543363441551,342.2953999618919,51.992667242682,4.338566378658999,Slecht,51.992711964041554,4.338544017979224,-5m
51.99271163677272,4.338543363441551,163.47451313288684,51.992756685401105,4.338521657299449,Slecht,51.992711964041554,4.338544017979224,+5m
51.99306047307499,4.338447389880057,149.11393511355783,51.99312309729772,4.338386555595707,Slecht,51.993131118457924,4.33843590801195,-5m
51.99306047307499,4.338447389880057,196.51135680638185,51.99313913961812,4.338485260428193,Slecht,51.993131118457924,4.33843590801195,+5m
51.993524231045605,4.338670115612116,188.6456436551299,51.99358612812288,4.338685400204217,Slecht,51.99354062247756,4.338706118221596,-5m
51.993524231045605,4.338670115612116,309.81469971283764,51.99349511683224,4.338726836238978,Slecht,51.99354062247756,4.338706118221596,+5m
51.993526572602946,4.338476953841118,125.94990497978017,51.99355085708878,4.3384225710354665,Slecht,51.99355854831786,4.338471975944082,-5m
51.993526572602946,4.338476953841118,214.59174776152895,51.99356623954693,4.338521380852698,Slecht,51.99355854831786,4.338471975944082,+5m
51.99875712331129,4.3388160138632825,206.62556648402017,51.99880861375841,4.338857940343723,Slecht,51.99880019230207,4.338808654655405,-5m
51.99875712331129,4.3388160138632825,134.81248772683875,51.99879177084572,4.338759368967087,Slecht,51.99880019230207,4.338808654655405,+5m
51.98021676848084,4.340618933771347,322.7548949635943,51.98018072399409,4.340663425603976,Slecht,51.980227141384795,4.340644839968664,-5m
51.98021676848084,4.340618933771347,184.53959052620053,51.9802735587755,4.34062625433335,Slecht,51.980227141384795,4.340644839968664,+5m
51.9801221809617,4.3406585508738775,324.15053769245856,51.98008553464687,4.340701539648437,Slecht,51.980131952037574,4.340682954013123,-5m
51.9801221809617,4.3406585508738775,183.64887688489276,51.98017836942828,4.34066436837781,Slecht,51.980131952037574,4.340682954013123,+5m
51.98065240433338,4.340415020047696,301.87089291989724,51.98062637570426,4.340482989347973,Slecht,51.98067259066241,4.340463905908982,-5m
51.98065240433338,4.340415020047696,195.45305770636287,51.980718805620555,4.340444822469992,Slecht,51.98067259066241,4.340463905908982,+5m
51.97888431612031,4.340212489347817,30.50724848102527,51.978838687076625,4.340168840900692,Slecht,51.97884618840334,4.3402182749992235,-5m
51.97888431612031,4.340212489347817,312.0011389935078,51.978853689730045,4.3402677090977555,Slecht,51.97884618840334,4.3402182749992235,+5m
51.97828414548655,4.340237209156013,319.7774819387018,51.978236486430596,4.3403026470926385,Slecht,51.978222880775085,4.340254533828997,-5m
51.97828414548655,4.340237209156013,14.213971287447578,51.97820927511958,4.340206420565354,Slecht,51.978222880775085,4.340254533828997,+5m
51.980182893948964,4.3412935923067915,8.63457037198043,51.980054278979146,4.341261883437771,Slecht,51.98006151973127,4.341311356374905,-5m
51.980182893948964,4.3412935923067915,340.0565984095011,51.9800687604834,4.3413608293120385,Slecht,51.98006151973127,4.341311356374905,+5m
52.00571297393178,4.338182046880804,286.96252407468063,52.00570143510829,4.338243501356915,Goed,52.005679304723174,4.338198665589337,-5m
52.00571297393178,4.338182046880804,17.324475743490837,52.00565723403944,4.338153801832499,Goed,52.005679304723174,4.338198665589337,+5m
52.00568747912952,4.3382765578407065,203.4971975097738,52.00573395138619,4.338309378758958,Goed,52.005711821001064,4.33826454299138,-5m
52.00568747912952,4.3382765578407065,93.61580643206946,52.005689690615945,4.338219707223802,Goed,52.005711821001064,4.33826454299138,+5m
52.01120735663055,4.338374034127132,357.04790669288207,52.011149012230604,4.338378922428196,Slecht,52.011189592378095,4.33834971653422,-5m
52.01120735663055,4.338374034127132,124.31930568432233,52.01122996691346,4.338320222519677,Slecht,52.011189592378095,4.33834971653422,+5m
52.00607571983261,4.338293340533006,359.09050721666586,52.00600901251917,4.338295060830384,Goed,52.00604561113155,4.338260994108024,-5m
52.00607571983261,4.338293340533006,103.0653543454867,52.006084658671284,4.338230768775682,Goed,52.00604561113155,4.338260994108024,+5m
52.00571328289069,4.338156201540513,23.583680423032035,52.00567900278961,4.338131891276424,Goed,52.00568228163835,4.338128254142887,-5m
52.00571328289069,4.338156201540513,40.061416150121204,52.0056881,4.3381218,Goed,52.00568228163835,4.338128254142887,+5m
52.01121052793323,4.337794978315318,14.343669945064164,52.01112691105179,4.3377602402005095,Slecht,52.01116840130874,4.337732337537938,-5m
52.01121052793323,4.337794978315318,89.34574766462464,52.011209891565684,4.337704434875367,Slecht,52.01116840130874,4.337732337537938,+5m
52.01130566080168,4.337723908607963,12.884531066649743,52.011225327953035,4.337694053731953,Slecht,52.01126681820998,4.337666151069381,-5m
52.01130566080168,4.337723908607963,92.87477988087585,52.01130830846693,4.337638248406811,Slecht,52.01126681820998,4.337666151069381,+5m
52.009698312531995,4.3379880338937475,257.55655852678956,52.00970922470552,4.338068375440029,Dood,52.009744077412,4.3380325245146505,-5m
52.009698312531995,4.3379880338937475,183.77407389965964,52.009778930118486,4.337996673589269,Dood,52.009744077412,4.3380325245146505,+5m
52.012352288685044,4.338537864929861,296.6091400485566,52.01233389012159,4.3385975350848,Goed,52.01237430796007,4.338568100439693,-5m
52.012352288685044,4.338537864929861,180.45232654035576,52.01241472579855,4.338538665794586,Goed,52.01237430796007,4.338568100439693,+5m
52.010425229695755,4.338139623649484,34.069759298107385,52.01038895575669,4.338099768774872,Zeer Slecht,52.01040638590354,4.338146632299926,-5m
52.010425229695755,4.338139623649484,272.44117347219037,52.0104238160504,4.338193495824983,Zeer Slecht,52.01040638590354,4.338146632299926,+5m
52.005736629541076,4.338241223932804,280.97515065394083,52.00572955624438,4.338300474279646,Goed,52.005707425859256,4.338255638512068,-5m
52.005736629541076,4.338241223932804,20.042052610199164,52.00568529547414,4.33821080274449,Goed,52.005707425859256,4.338255638512068,+5m
52.01036732357314,4.33798529330567,34.50848306441213,52.0103314936092,4.337945273301533,Slecht,52.010348923756055,4.337992136826587,-5m
52.01036732357314,4.33798529330567,271.68017690120917,52.0103663539029,4.338039000351644,Slecht,52.010348923756055,4.337992136826587,+5m
52.01111530164495,4.337865656606558,27.06469947670456,52.01107566594704,4.337832754045921,Slecht,52.011118300031626,4.3378578093437365,-5m
52.01111530164495,4.337865656606558,187.0584529938564,52.011165006667284,4.337875655637058,Slecht,52.011118300031626,4.3378578093437365,+5m
51.99546440096377,4.3393359920202315,214.29445319296875,51.995512899968524,4.339389712352587,Slecht,51.99551658483602,4.339339848319943,-5m
51.99546440096377,4.3393359920202315,153.11286067967592,51.99552026970351,4.339289984287299,Slecht,51.99551658483602,4.339339848319943,+5m
52.00572456241847,4.339233622910307,181.97956886263003,52.00580557936896,4.339238171851192,Slecht,52.005772610967945,4.3392757628678655,-5m
52.00572456241847,4.339233622910307,252.92044504406653,52.00573964256693,4.339313353884538,Slecht,52.005772610967945,4.3392757628678655,+5m
52.005730840200236,4.338193761335493,297.52824036618756,52.00570958452497,4.338260011930498,Goed,52.005687454139846,4.3382151761629215,-5m
52.005730840200236,4.338193761335493,12.41067666008422,52.00566532375473,4.338170340395342,Goed,52.005687454139846,4.3382151761629215,+5m
52.005751043592596,4.338250863594346,290.9115533000906,52.00573620589518,4.338313946354181,Goed,52.00571407551006,4.338269110586602,-5m
52.005751043592596,4.338250863594346,15.480305013274403,52.00569194512494,4.338224274819025,Goed,52.00571407551006,4.338269110586602,+5m
52.005765030496654,4.338275107291042,292.71471474642,52.005748568108224,4.338338991978442,Goed,52.0057264377231,4.338294156210864,-5m
52.005765030496654,4.338275107291042,14.650111243897527,52.00570430733798,4.3382493204432855,Goed,52.0057264377231,4.338294156210864,+5m
52.0057542295199,4.338279540156527,279.45077596106233,52.005748211553644,4.338338269605202,Goed,52.005726081168525,4.338293433837625,-5m
52.0057542295199,4.338279540156527,20.74849621020502,52.005703950783406,4.338248598070046,Goed,52.005726081168525,4.338293433837625,+5m
52.00567488250164,4.338246936343716,204.7762457122779,52.005719727118496,4.3382805606450185,Goed,52.00569759673338,4.33823572487744,-5m
52.00567488250164,4.338246936343716,90.96945790572755,52.00567546634825,4.338190889109862,Goed,52.00569759673338,4.33823572487744,+5m
52.0056748294692,4.338268216866564,198.76452002380614,52.0057281628225,4.3382976512316445,Goed,52.00570603243738,4.338252815464066,-5m
52.0056748294692,4.338268216866564,103.74840200782461,52.005683902052255,4.338207979696488,Goed,52.00570603243738,4.338252815464066,+5m
52.00570081066782,4.338320057056463,198.9615865388113,52.00575382759511,4.338349647605544,Goed,52.00573169720998,4.338304811837967,-5m
52.00570081066782,4.338320057056463,103.31950698577839,52.00570956682486,4.338259976070388,Goed,52.00573169720998,4.338304811837967,+5m
52.00568827112435,4.33830995114069,195.48528649867856,52.00574736011029,4.338336544596073,Goed,52.00572522972517,4.338291708828494,-5m
52.00568827112435,4.33830995114069,110.90069124453697,52.005703099340046,4.338246873060917,Goed,52.00572522972517,4.338291708828494,+5m
52.005676605482954,4.338293008420489,194.14737020440523,52.00573835034363,4.33831829096867,Goed,52.0057162199585,4.338273455201092,-5m
52.005676605482954,4.338293008420489,113.80261964754573,52.00569408957338,4.338228619433513,Goed,52.0057162199585,4.338273455201092,+5m
52.005692031745696,4.338340580478721,191.27055638368466,52.00576025339553,4.338362666163187,Goed,52.00573812301041,4.338317830395607,-5m
52.005692031745696,4.338340580478721,119.9383700348842,52.005715992625284,4.3382729946280305,Goed,52.00573812301041,4.338317830395607,+5m
52.00566275092043,4.338268484936598,193.4780959021467,52.005725903010884,4.338293072893411,Goed,52.005703772625765,4.338248237125832,-5m
52.00566275092043,4.338268484936598,115.24498410070959,52.00568164224064,4.338203401358254,Goed,52.005703772625765,4.338248237125832,+5m
52.00566063087649,4.33807198162142,289.114404906162,52.00564773460254,4.338132431576576,Zeer Slecht,52.00562742492026,4.338086742225457,-5m
52.00566063087649,4.33807198162142,19.584004315567654,52.00560711523799,4.338041052874335,Zeer Slecht,52.00562742492026,4.338086742225457,+5m
52.00561723781217,4.338139077949427,202.5224944104713,52.005666158961645,4.338172032509748,Goed,52.00564516980114,4.338126661712221,-5m
52.00561723781217,4.338139077949427,102.02970079131387,52.005624860118864,4.338080972361101,Goed,52.00564516980114,4.338126661712221,+5m
52.00560866496034,4.338113134664422,204.8099229351273,52.00565443553512,4.338147506222128,Goed,52.00563412585285,4.338101816871006,-5m
52.00560866496034,4.338113134664422,98.35071051099504,52.00561381617057,4.338056127519886,Goed,52.00563412585285,4.338101816871006,+5m
52.005593472288304,4.3381079118838795,197.86592393338037,52.00564999028351,4.338137506033094,Goed,52.00562968060123,4.338091816681973,-5m
52.005593472288304,4.3381079118838795,112.68564961078005,52.005609370918954,4.338046127330853,Goed,52.00562968060123,4.338091816681973,+5m
52.00558190810047,4.338090253199668,196.2423783357823,52.00564152781729,4.338118468581641,Goed,52.00562121813501,4.33807277923052,-5m
52.00558190810047,4.338090253199668,116.04299860523201,52.005600908452735,4.3380270898793984,Goed,52.00562121813501,4.33807277923052,+5m
52.00557213543451,4.3380638282554935,197.08690911729894,52.00563010712814,4.338092776211396,Goed,52.005609797445864,4.338047086860275,-5m
52.00557213543451,4.3380638282554935,114.29982751356141,52.00558948776359,4.338001397509154,Goed,52.005609797445864,4.338047086860275,+5m
52.005532496054656,4.337937925453775,205.92148669425944,52.00557683498974,4.337972933399318,Goed,52.00555652530746,4.337927244048198,-5m
52.005532496054656,4.337937925453775,96.11810119113306,52.005536215625185,4.337881554697076,Goed,52.00555652530746,4.337927244048198,+5m
52.00551774908568,4.337932284493476,198.96960882795884,52.005572308058476,4.3379627494609805,Goed,52.0055519983762,4.337917060109861,-5m
52.00551774908568,4.337932284493476,110.39242053106102,52.00553168869393,4.337871370758739,Goed,52.0055519983762,4.337917060109861,+5m
52.00548707270964,4.337887181633094,194.4328312732622,52.00555050563182,4.337913701981384,Goed,52.00553019594954,4.3378680126302624,-5m
52.00548707270964,4.337887181633094,144.82798459437623,52.0055213,4.337848,Goed,52.00553019594954,4.3378680126302624,+5m
51.98058849641649,4.340560797560944,17.095433684449574,51.980520350493705,4.340526770100316,Slecht,51.98056656545185,4.340507686661325,-5m
51.98058849641649,4.340560797560944,118.63973942767086,51.98061278041,4.340488603222336,Slecht,51.98056656545185,4.340507686661325,+5m
51.98109409065054,4.340324388379566,3.749175546309516,51.98103796158988,4.340318416706061,Slecht,51.9810844580235,4.340300029709016,-5m
51.98109409065054,4.340324388379566,144.46572974038753,51.98113095445713,4.340281642711971,Slecht,51.9810844580235,4.340300029709016,+5m
51.98086659271388,4.340325417784116,300.4803735503233,51.98084087677783,4.340396353820249,Slecht,51.98088737321146,4.340377966823204,-5m
51.98086659271388,4.340325417784116,197.36737043637282,51.980933869645085,4.340359579826159,Slecht,51.98088737321146,4.340377966823204,+5m
51.9816698330639,4.340641557740054,96.92597836516637,51.9816778333676,4.340534626892243,Slecht,51.98163198554914,4.340554576266737,-5m
51.9816698330639,4.340641557740054,26.256606168724204,51.98158613773069,4.340574525641233,Slecht,51.98163198554914,4.340554576266737,+5m
51.981646898497075,4.340685560212411,86.95051451198987,51.981642451292,4.340550022396334,Slecht,51.98159660347354,4.34056997177083,-5m
51.981646898497075,4.340685560212411,31.49523141949055,51.981550755655086,4.340589921145324,Slecht,51.98159660347354,4.34056997177083,+5m
51.98159701522664,4.3407265083758055,82.9916699700093,51.98158552793583,4.340574790976126,Slecht,51.98153968011737,4.34059474035062,-5m
51.98159701522664,4.3407265083758055,33.721609620066715,51.981493832298916,4.340614689725116,Slecht,51.98153968011737,4.34059474035062,+5m
51.98154559414494,4.340755249855863,81.87194413084944,51.98153177743953,4.340598178976167,Slecht,51.98148592962107,4.340618128350663,-5m
51.98154559414494,4.340755249855863,34.371247710225305,51.98144008180262,4.340638077725157,Slecht,51.98148592962107,4.340618128350663,+5m
51.98150118809486,4.340821806890851,208.45529741475983,51.98159013960584,4.340900075525667,Slecht,51.98154435454324,4.34092016851058,-5m
51.98150118809486,4.340821806890851,272.05562680386754,51.98149856948064,4.340940261495494,Slecht,51.98154435454324,4.34092016851058,+5m
51.98122505609718,4.34082939797236,99.10494985025849,51.981235138775695,4.340727252855661,Slecht,51.98118929095724,4.340747202230156,-5m
51.98122505609718,4.34082939797236,25.16240465989307,51.981143443138784,4.340767151604651,Slecht,51.98118929095724,4.340747202230156,+5m
51.98125304218663,4.340849037542487,88.87592309486735,51.98125148451345,4.340720140472675,Slecht,51.981205636694995,4.34074008984717,-5m
51.98125304218663,4.340849037542487,30.447681738443805,51.98115978887654,4.340760039221666,Slecht,51.981205636694995,4.34074008984717,+5m
51.981207089913774,4.340869091628512,88.86072352782332,51.981205510559654,4.340740144731377,Slecht,51.9811596627412,4.340760094105873,-5m
51.981207089913774,4.340869091628512,30.455899162164144,51.98111381492274,4.340780043480367,Slecht,51.9811596627412,4.340760094105873,+5m
51.98173514873488,4.340607527903223,99.07229595735748,51.9817452013265,4.340505313640572,Dood,51.98169935350804,4.340525263015067,-5m
51.98173514873488,4.340607527903223,25.178510201765278,51.981653505689586,4.340545212389562,Dood,51.98169935350804,4.340525263015067,+5m
51.98039718997052,4.341134135284237,21.480855285092446,51.980321549668325,4.3410858079277945,Slecht,51.98036737689013,4.3410658112845395,-5m
51.98039718997052,4.341134135284237,106.40337951620666,51.98041320411193,4.341045814641284,Slecht,51.98036737689013,4.3410658112845395,+5m
51.991190088842984,4.339717693752119,312.9369981996549,51.99115767286252,4.339774269921243,Slecht,51.99114888719368,4.339725047852788,-5m
51.991190088842984,4.339717693752119,27.28296798547433,51.991140101524834,4.339675825784333,Slecht,51.99114888719368,4.339725047852788,+5m
51.98234110387728,4.340196441774072,229.39180551564215,51.98236579278622,4.340243196921901,Zeer Slecht,51.98235809132229,4.340193793607707,-5m
51.98234110387728,4.340196441774072,106.1539199888411,51.98235038985836,4.3401443902935135,Zeer Slecht,51.98235809132229,4.340193793607707,+5m
51.98287112747278,4.340484099775136,108.96743021138491,51.98288218380279,4.340431868197303,Slecht,51.98288963679774,4.34048130960572,-5m
51.98287112747278,4.340484099775136,227.89930648127233,51.9828970897927,4.340530751014136,Slecht,51.98288963679774,4.34048130960572,+5m
51.98267494092102,4.340922051507851,333.02753635629773,51.982617907753614,4.340969178233259,Slecht,51.98266626920034,4.340967288984091,-5m
51.98267494092102,4.340922051507851,227.9067169020234,51.982711632038495,4.3409879979815,Slecht,51.98266626920034,4.340967288984091,+5m
51.98418135272647,4.340933469462602,30.168245435000017,51.98413523089494,4.340889939253509,Slecht,51.98414278662342,4.340939365066271,-5m
51.98418135272647,4.340933469462602,312.30725810797605,51.984150342351896,4.340988790879034,Slecht,51.98414278662342,4.340939365066271,+5m
51.992859240587606,4.3399350169984405,281.59615514871564,51.9928463881682,4.340036734695644,Slecht,51.99289275168657,4.340018015075858,-5m
51.992859240587606,4.3399350169984405,206.3596928669697,51.99293911520493,4.339999295456072,Slecht,51.99289275168657,4.340018015075858,+5m
51.99155073920518,4.34099088038051,23.01499077566882,51.99149170816942,4.3409501588316335,Goed,51.99150005061729,4.340999457954988,-5m
51.99155073920518,4.34099088038051,319.9155158736077,51.99150839306517,4.341048757078341,Goed,51.99150005061729,4.340999457954988,+5m
51.99044488499885,4.3400292391074435,125.75388182738942,51.990469174441145,4.339974455548552,Slecht,51.990477461652915,4.340023763987191,-5m
51.99044488499885,4.3400292391074435,213.44638971044077,51.990485748864685,4.340073072425831,Slecht,51.990477461652915,4.340023763987191,+5m
51.989870631237075,4.340646134287008,20.763891876690366,51.98979585441367,4.340600094815935,Slecht,51.98979854732768,4.340650022245412,-5m
51.989870631237075,4.340646134287008,334.4719263999396,51.98980124024168,4.340699949674889,Slecht,51.98979854732768,4.340650022245412,+5m
51.99316126422321,4.3401400271207216,178.33027118898985,51.99322619682352,4.340136953142729,Slecht,51.99318627049223,4.340106855168214,-5m
51.99316126422321,4.3401400271207216,69.04462734114912,51.99314634416095,4.340076757193695,Slecht,51.99318627049223,4.340106855168214,+5m
51.9932791882757,4.340251139451447,178.0754516968218,51.993350372504956,4.340247254852646,Slecht,51.99331341459876,4.340213578255882,-5m
51.9932791882757,4.340251139451447,86.4366178807926,51.99327645669257,4.3401799016591145,Slecht,51.99331341459876,4.340213578255882,+5m
51.99332755797128,4.340346213758706,119.10798657440228,51.99335826678541,4.34025664103446,Slecht,51.99338987066875,4.340295386286527,-5m
51.99332755797128,4.340346213758706,175.47073371425495,51.99342147455209,4.340334131538595,Slecht,51.99338987066875,4.340295386286527,+5m
51.99075937800266,4.340869070677674,289.99655594892323,51.99074587958887,4.340929308183406,Slecht,51.99072612047113,4.3408833780487885,-5m
51.99075937800266,4.340869070677674,30.31482574214408,51.99072268772766,4.340834232735214,Slecht,51.99072612047113,4.3408833780487885,+5m
51.99425538562702,4.340943868410608,334.0364328140285,51.994213145560686,4.340977273102182,Slecht,51.994261078064255,4.340963043727592,-5m
51.99425538562702,4.340943868410608,183.25039633401406,51.994309010567825,4.340948814353002,Slecht,51.994261078064255,4.340963043727592,+5m
51.99268723610167,4.340646870884871,265.538046802404,51.99269382274917,4.340783947916327,Slecht,51.9927394580998,4.340763517185241,-5m
51.99268723610167,4.340646870884871,211.1920324944688,51.99278509345043,4.340743086454154,Slecht,51.9927394580998,4.340763517185241,+5m
51.991734269297375,4.340841898056257,346.2362449881505,51.99168467724249,4.340861625578894,Slecht,51.99173361462875,4.340856283979605,-5m
51.991734269297375,4.340841898056257,191.75565556325157,51.99178356293552,4.3408585570064,Slecht,51.99173361462875,4.340856283979605,+5m
51.99128635824736,4.340014511586371,143.84637825378502,51.991335075779425,4.339956706469215,Slecht,51.9913424394523,4.3400061612598995,-5m
51.99128635824736,4.340014511586371,201.74955128018377,51.991349803125175,4.340055616050585,Slecht,51.9913424394523,4.3400061612598995,+5m
51.987711590498684,4.341062572442835,18.723085539385124,51.987642129904486,4.34102434387994,Slecht,51.9876884640604,4.341005551700824,-5m
51.987711590498684,4.341062572442835,117.24012424687857,51.98773509666789,4.340988429740922,Slecht,51.9876884640604,4.341005551700824,+5m
51.9916299393601,4.340999952918294,185.08661910309556,51.991724348339474,4.3410136,Goed,51.99168436412755,4.341030785484604,-5m
51.9916299393601,4.340999952918294,236.95368905959072,51.99165971842135,4.34107428938289,Goed,51.99168436412755,4.341030785484604,+5m
51.994612729916796,4.340916950501041,22.52680685296093,51.99452754023132,4.340859566396756,Slecht,51.994572127739865,4.340836939994449,-5m
51.994612729916796,4.340916950501041,93.60835896911101,51.99461671524841,4.340814313592143,Slecht,51.994572127739865,4.340836939994449,+5m
51.9812232887307,4.340896488409982,81.70414116510324,51.98120910744506,4.3407385796489715,Dood,51.981163259626605,4.340758529023466,-5m
51.9812232887307,4.340896488409982,34.4696505169926,51.98111741180815,4.3407784783979615,Dood,51.981163259626605,4.340758529023466,+5m
52.013281647193345,4.339177636746896,113.08749263811944,52.01329957350429,4.339109311018333,Zeer Slecht,52.013256429158346,4.339134580870193,-5m
52.013281647193345,4.339177636746896,9.097582447240313,52.0132132848124,4.339159850722053,Zeer Slecht,52.013256429158346,4.339134580870193,+5m
52.00513658564173,4.339843312276545,167.00697354096292,52.00518431205996,4.339825423132068,Goed,52.005141788555335,4.339851724302281,-5m
52.00513658564173,4.339843312276545,330.2052972303269,52.00509926505071,4.339878025472492,Goed,52.005141788555335,4.339851724302281,+5m
52.0050669641959,4.339807595101122,196.17421528472167,52.005149933603285,4.3398466865168395,Goed,52.00510741009866,4.339872987687051,-5m
52.0050669641959,4.339807595101122,272.10796700515385,52.005064886594035,4.339899288857263,Goed,52.00510741009866,4.339872987687051,+5m
52.00500992986315,4.339865118145806,190.97412003056868,52.00508294678398,4.3398881184672895,Goed,52.005040423279354,4.339914419637503,-5m
52.00500992986315,4.339865118145806,284.49300386321227,52.00499789977473,4.339940720807713,Goed,52.005040423279354,4.339914419637503,+5m
52.00410335679759,4.340469382671619,194.80316480708737,52.00422479935374,4.3405215162292485,Slecht,52.0041842,4.3405507,-5m
52.00410335679759,4.340469382671619,236.12422828535034,52.00415316746923,4.340589904362438,Slecht,52.0041842,4.3405507,+5m
52.00375940422368,4.340553672140782,250.38549975408398,52.00377066890476,4.340605018876118,Goed,52.00377555552578,4.340555258239717,-5m
52.00375940422368,4.340553672140782,125.84925586928483,52.003780809287484,4.340505548918844,Goed,52.00377555552578,4.340555258239717,+5m
52.007342170676864,4.339350110503016,33.20401571569215,52.0073060123591,4.339311665924121,Goed,52.00732680697577,4.339357136617073,-5m
52.007342170676864,4.339350110503016,325.3263634006237,52.0073299,4.3393639,Goed,52.00732680697577,4.339357136617073,+5m
52.00728513227744,4.339683840762589,9.440657083377403,52.00720926817869,4.339663348025382,Goed,52.00722992175061,4.339708882956666,-5m
52.00728513227744,4.339683840762589,308.4996965357626,52.00725057532252,4.339754417887949,Goed,52.00722992175061,4.339708882956666,+5m
52.00910166703539,4.34014646323766,25.056227582291,52.00905161489175,4.340108448374632,Dood,52.00906363358522,4.3401569441689745,-5m
52.00910166703539,4.34014646323766,304.41795624730605,52.00907691701455,4.340205147389875,Dood,52.00906363358522,4.3401569441689745,+5m
52.00925059527817,4.3399809953797845,358.94470132877535,52.00917701180521,4.3399831974437895,Slecht,52.009209858695556,4.339945500205239,-5m
52.00925059527817,4.3399809953797845,80.06692022372005,52.009242705585905,4.339907802966684,Slecht,52.009209858695556,4.339945500205239,+5m
52.00933697483778,4.340616344326275,294.05840320301184,52.009318923349646,4.340682032718601,Slecht,52.009361393324994,4.340655645198943,-5m
52.00933697483778,4.340616344326275,186.7768822868232,52.00940386330034,4.340629257679285,Slecht,52.009361393324994,4.340655645198943,+5m
52.01019415730128,4.340090133946226,302.3397761564313,52.01017162554874,4.340147949996659,Zeer Slecht,52.01021384455277,4.340121162766516,-5m
52.01019415730128,4.340090133946226,182.41491906012195,52.0102560635568,4.340094375536372,Zeer Slecht,52.01021384455277,4.340121162766516,+5m
52.00943841517599,4.340554895629656,295.2736700794538,52.00941965614042,4.340619445244158,Slecht,52.00946212611577,4.3405930577245,-5m
52.00943841517599,4.340554895629656,186.24968760925842,52.00950459609112,4.340566670204842,Slecht,52.00946212611577,4.3405930577245,+5m
52.0096957875909,4.339488628085689,7.757438346541392,52.009622130831545,4.339472326661666,Zeer Slecht,52.00965842756751,4.3394383587636,-5m
52.0096957875909,4.339488628085689,93.21655761642114,52.009698558224805,4.339408533768298,Zeer Slecht,52.00965842756751,4.3394383587636,+5m
52.01012324529231,4.3394003275137445,26.357298003244523,52.01007515479543,4.339361616196953,Slecht,52.01008830970032,4.339409854651296,-5m
52.01012324529231,4.3394003275137445,301.49057145725544,52.010101464605206,4.33945809310564,Slecht,52.01008830970032,4.339409854651296,+5m
52.01017981256281,4.339607434815231,26.49315895507948,52.01013152836385,4.339568335578806,Zeer Slecht,52.010144379828155,4.3396166548848445,-5m
52.01017981256281,4.339607434815231,302.7878709169162,52.01015697118927,4.339665043495336,Zeer Slecht,52.010144379828155,4.3396166548848445,+5m
52.004306863891216,4.340206738556476,186.41662135014656,52.00439989394476,4.340223733817123,Goed,52.00438151578004,4.340177233891729,-5m
52.004306863891216,4.340206738556476,140.25827410720262,52.004363137615314,4.340130733966338,Goed,52.00438151578004,4.340177233891729,+5m
52.00435269016814,4.340331184609379,185.80641802962592,52.0044486250088,4.340347031811061,Goed,52.00443024684408,4.340300531885669,-5m
52.00435269016814,4.340331184609379,141.2502717490056,52.00441186867936,4.340254031960276,Goed,52.00443024684408,4.340300531885669,+5m
52.00587955138207,4.339965223056954,21.8152509964483,52.005829284406765,4.339932537037491,Slecht,52.00584919558459,4.339978401457228,-5m
52.00587955138207,4.339965223056954,286.03305601656615,52.00586910676241,4.340024265876962,Slecht,52.00584919558459,4.339978401457228,+5m
52.00558562076167,4.340663817835809,119.98341104049013,52.00560918358789,4.340597475567088,Slecht,52.00563046864212,4.340642718759576,-5m
52.00558562076167,4.340663817835809,192.666230170809,52.00565175369635,4.340687961952064,Slecht,52.00563046864212,4.340642718759576,+5m
52.00553412743003,4.340547962517128,117.73426819443176,52.00555522424844,4.340482780403275,Slecht,52.005576509302664,4.3405280235957635,-5m
52.00553412743003,4.340547962517128,193.7480824115081,52.005597794356895,4.340573266788251,Slecht,52.005576509302664,4.3405280235957635,+5m
52.00372736620944,4.3407050726137815,229.10086925541682,52.00375563699094,4.34075808939142,Goed,52.00376052361196,4.340708328755019,-5m
52.00372736620944,4.3407050726137815,143.0380378872169,52.00376541023298,4.340658568118618,Goed,52.00376052361196,4.340708328755019,+5m
52.009591278112616,4.3394718145718345,294.6711562204974,52.00957623522038,4.33952501922512,Zeer Slecht,52.00960907510724,4.339487315885336,-5m
52.009591278112616,4.3394718145718345,165.44270217150665,52.009642473346965,4.339450215896898,Zeer Slecht,52.00960907510724,4.339487315885336,+5m
51.999055786792795,4.339685283771166,287.44571020644355,51.99904561838366,4.33973783911789,Slecht,51.999036958661456,4.339688594735355,-5m
51.999055786792795,4.339685283771166,45.813818643361344,51.99902829893925,4.33963935035282,Slecht,51.999036958661456,4.339688594735355,+5m
51.98209788881285,4.341572519970696,30.536393492479817,51.982052109782096,4.341528673954892,Slecht,51.9820593336227,4.341578149364207,-5m
51.98209788881285,4.341572519970696,312.7117786725573,51.982066557463305,4.341627624773523,Slecht,51.9820593336227,4.341578149364207,+5m
51.98193737495941,4.341706984807358,208.35101376514095,51.98198521645596,4.341748898342405,Slecht,51.981976017392206,4.341699751854982,-5m
51.98193737495941,4.341706984807358,130.29492069254638,51.98196681832845,4.341650605367558,Slecht,51.981976017392206,4.341699751854982,+5m
51.98333346607229,4.3415089396900255,238.17885757743107,51.983360205465345,4.341578904511062,Slecht,51.983313514715526,4.341561016697305,-5m
51.98333346607229,4.3415089396900255,342.4651069091818,51.9832668239657,4.341543128883549,Slecht,51.983313514715526,4.341561016697305,+5m
51.98301781968546,4.342037544209064,311.5041049201264,51.9829879120032,4.342092423075431,Slecht,51.98298071174533,4.342042944228571,-5m
51.98301781968546,4.342037544209064,31.496076023793876,51.98297351148745,4.341993465381712,Slecht,51.98298071174533,4.342042944228571,+5m
51.992033398168736,4.341208815964695,36.82825924639059,51.99199381187483,4.34116067339254,Slecht,51.991996229019776,4.341210614932467,-5m
51.992033398168736,4.341208815964695,317.48570794194586,51.99199864616473,4.341260556472394,Slecht,51.991996229019776,4.341210614932467,+5m
51.992057503879664,4.341644470062999,21.77312051216029,51.99200458547098,4.341610143871265,Slecht,51.992021249056144,4.3416572854127065,-5m
51.992057503879664,4.341644470062999,303.25699940562635,51.99203289129976,4.341705418800948,Slecht,51.992021249056144,4.3416572854127065,+5m
51.99100855918348,4.342272310897331,346.61378548596144,51.99094815506163,4.342295654973318,Slecht,51.9909956189469,4.342311376919616,-5m
51.99100855918348,4.342272310897331,229.96551817847276,51.99104032686538,4.34233371704266,Slecht,51.9909956189469,4.342311376919616,+5m
51.99160069640823,4.341280775243811,137.61192062160364,51.99164239030389,4.3412189739097435,Goed,51.99164350762474,4.341268888398447,-5m
51.99160069640823,4.341280775243811,201.68851746339917,51.99165688442783,4.341317065790852,Goed,51.99164350762474,4.341268888398447,+5m
51.99157561799775,4.3411392517289125,23.112004221466975,51.991516809351836,4.341098492547,Goed,51.99152515179971,4.341147791670354,-5m
51.99157561799775,4.3411392517289125,319.7852089083799,51.991533494247584,4.341197090793708,Goed,51.99152515179971,4.341147791670354,+5m
51.99406766989872,4.341159952025582,39.217108200779364,51.99398168104402,4.341045986293993,Slecht,51.99402961354759,4.341031756919403,-5m
51.99406766989872,4.341159952025582,96.4253460534245,51.99407754605116,4.341017527544813,Slecht,51.99402961354759,4.341031756919403,+5m
51.9911483910286,4.342348449232522,284.6305442826038,51.991139634987135,4.342402919206031,Slecht,51.99111320673196,4.342361462937606,-5m
51.9911483910286,4.342348449232522,21.661885675420876,51.99109586154557,4.342314567900458,Slecht,51.99111320673196,4.342361462937606,+5m
51.991088678326925,4.342408168337654,185.83021548027185,51.99115390308617,4.342418983887825,Slecht,51.9911207,4.3423816,-5m
51.991088678326925,4.342408168337654,107.93257840283616,51.99110331515503,4.342334719733061,Slecht,51.9911207,4.3423816,+5m
51.98980271257188,4.341954759193979,47.17717109448989,51.989774948381545,4.341906109351754,Slecht,51.98977749342625,4.341956044537219,-5m
51.98980271257188,4.341954759193979,305.7109106570148,51.989780038470954,4.342005979722685,Slecht,51.98977749342625,4.341956044537219,+5m
51.98991844456596,4.341513798843057,20.731791928449468,51.98984379880331,4.341467917673916,Slecht,51.98984660620338,4.341517838796748,-5m
51.98991844456596,4.341513798843057,334.2953684959252,51.98984941360345,4.34156775991958,Slecht,51.98984660620338,4.341517838796748,+5m
51.990286893919965,4.341820094074385,249.62357453211223,51.990301805636015,4.34188528930453,Slecht,51.99032389917073,4.341840446962305,-5m
51.990286893919965,4.341820094074385,166.69861890358243,51.99034799510822,4.34179663616687,Slecht,51.99032389917073,4.341840446962305,+5m
51.990311429706885,4.342001811800451,346.51459097184386,51.990239943724696,4.34202965064585,Slecht,51.9902565492729,4.341982488629684,-5m
51.990311429706885,4.342001811800451,49.226672500913025,51.990276963155864,4.341936907858883,Slecht,51.9902565492729,4.341982488629684,+5m
51.99032229681335,4.342104991918715,1.394937539412524,51.99026343524038,4.342102664288642,Slecht,51.99030688606054,4.342077925124805,-5m
51.99032229681335,4.342104991918715,131.31379891144684,51.990350336880695,4.342053185960968,Slecht,51.99030688606054,4.342077925124805,+5m
51.99094720485267,4.342108716500241,25.286678772586754,51.99089357354908,4.342067572090041,Dood,51.990902437052576,4.342116780202236,-5m
51.99094720485267,4.342108716500241,315.51290085704517,51.99091130055607,4.342165988314432,Dood,51.990902437052576,4.342116780202236,+5m
51.99403820923135,4.341643921770571,11.154879689456777,51.993933742514,4.341610467110153,Slecht,51.99394031234286,4.341659910660669,-5m
51.99403820923135,4.341643921770571,335.8769455430611,51.993948371748445,4.341709256845745,Slecht,51.99394031234286,4.341659910660669,+5m
