tree_lat,tree_lon,bearing,road_lat,road_lon,CONDITIE,Reason
51.99067613996322,4.332983799744932,178.64034367914974,51.99069388369375,4.332983115832406,,No condition
52.01112713888625,4.331399358258227,164.20104727268244,52.01116131977183,4.331383645166164,,No condition
51.98925020839792,4.326051196415465,167.5375797101051,51.989318873865315,4.326026553196869,,No condition
51.991123626804,4.332181091249053,233.9239503942527,51.99114902739627,4.3322377077189955,,No condition
51.99108136815128,4.33219989246576,233.92397616036908,51.991106827691794,4.3322566403279765,,No condition
51.99104596623839,4.332217498574526,233.92399734756447,51.99107078218334,4.332272811898977,,No condition
51.990334922295595,4.33189458648394,137.2298511980972,51.9904124,4.3317782,,No condition
51.99029228333453,4.331924098103858,143.20469765944654,51.9904124,4.3317782,,No condition
51.99097343731816,4.331630379314015,354.29511876324426,51.990873897896876,4.331646527661196,,No condition
51.989786675114104,4.331439566833097,96.34707062098033,51.9898156,4.3310173,,No condition
51.989253141100036,4.331386201025278,354.2245407271082,51.98910290410714,4.33141087669701,,No condition
51.98920916528848,4.331132517147345,354.2245350927903,51.98906117713825,4.3311568234579605,,No condition
51.98921824916114,4.3313564474109025,354.2245362389089,51.98909722905847,4.331376324355115,,No condition
51.98956724039036,4.3316219526904804,354.22458113834995,51.98914885871612,4.331690669779749,,No condition
51.98917250109091,4.3309774333898385,354.2245303895662,51.9890354114082,4.330999949681886,,No condition
51.98943450208749,4.3316309299017774,354.22456404922633,51.98914680770367,4.331678182259786,,No condition
51.98968790504116,4.331426444155612,116.87676294592393,51.9898156,4.3310173,,No condition
51.98940095962957,4.331784667993743,354.224559715121,51.98917051404605,4.331822517523751,,No condition
51.98915510242523,4.331027913347149,354.22452814385923,51.98904302767458,4.331046321062207,,No condition
51.990662631739376,4.329728425811996,159.0344262654853,51.990806434268166,4.329638944815044,,No condition
51.990694070276824,4.329778950341407,159.03443970558806,51.990837873026564,4.3296894692069685,,No condition
51.9906818450483,4.329758898248297,159.0344344841502,51.99082546601469,4.3296695302283865,,No condition
51.99070346341841,4.32989196220197,160.81316886367108,51.99089391880099,4.329784336943318,,No condition
51.989913100617876,4.329575627896586,159.03409102925684,51.990528684864806,4.329192581140822,Redelijk,Too far from road (73.30 m)
51.98938515782504,4.3296187004591316,354.68755943629736,51.98882013173608,4.329704018734616,Redelijk,Too far from road (63.10 m)
51.989751202130435,4.3295974430327,252.37977903629132,51.98991283001555,4.330423817399166,Redelijk,Too far from road (59.37 m)
51.98986936011827,4.329506530744933,159.03407231327355,51.99048548131809,4.3291231498707035,Redelijk,Too far from road (73.37 m)
51.9891141549012,4.3306891169284345,354.2245229083102,51.98898776815036,4.3307098753176625,,No condition
51.989895124226656,4.329588768185308,159.0340827527158,51.990529561586364,4.329193990096711,Matig,Too far from road (75.55 m)
51.989278928680044,4.329506478299369,354.68754686186816,51.98880119597632,4.329578615376258,Redelijk,Too far from road (53.35 m)
51.989350197959745,4.3294793433908785,354.68755530566096,51.98879877873719,4.329562607045524,Redelijk,Too far from road (61.58 m)
51.98995486258599,4.32954056541373,159.03411032123358,51.990524613612244,4.329186038339183,Redelijk,Too far from road (67.85 m)
51.98940005818691,4.329553422854118,354.687561206135,51.98881082679104,4.329642396102502,Redelijk,Too far from road (65.80 m)
51.98932402312818,4.329506521466306,354.6875522032755,51.988802207611066,4.3295853149962165,Redelijk,Too far from road (58.27 m)
51.989279322188665,4.329702353715679,354.68754689365323,51.988830122365925,4.329770182361069,Redelijk,Too far from road (50.16 m)
51.98933839228114,4.32968620487087,354.68755389187766,51.988829055080345,4.32976311418968,Redelijk,Too far from road (56.88 m)
51.98980284529458,4.329656250448024,252.37973622186067,51.989951492236266,4.330416255580671,Redelijk,Too far from road (54.60 m)
51.99046789026703,4.329422570481691,159.03434291136568,51.99061488143591,4.329331105356246,,No condition
51.989996473375804,4.329436790728945,159.03413051265431,51.99048967815215,4.3291298944910235,,Too far from road (58.73 m)
51.99000851162657,4.329254072454956,159.03413850402967,51.99041107692574,4.32900357655192,,No condition
51.99001180975173,4.329305973155176,159.03413925731502,51.990435278428905,4.329042470143573,,Too far from road (50.43 m)
51.99003482097091,4.329278960605934,159.03414999616302,51.99042958439481,4.3290333194129165,,No condition
51.9904309976091,4.32937029687142,159.03432704069746,51.99058113574233,4.329276873550183,,No condition
51.990034812433,4.329400986593323,159.03414827358063,51.99048431881495,4.329121281642847,,Too far from road (53.53 m)
51.990004639296174,4.329392248969812,159.03413481559755,51.990471977473014,4.329101448200663,Redelijk,Too far from road (55.65 m)
51.98998570400793,4.329260740162735,159.03412814330534,51.990407701769016,4.328998152427376,,Too far from road (50.25 m)
51.99004717767863,4.329333922454594,159.03415478421755,51.99045768746154,4.329078483103541,,No condition
51.98936544307397,4.329452423208998,15.184372200563018,51.988848596937935,4.329224636721925,Redelijk,Too far from road (59.55 m)
51.98941560455918,4.329437702029009,13.688745157880362,51.9888528,4.3292151,Redelijk,Too far from road (64.41 m)
51.98963730732561,4.329508021747726,354.68758931170424,51.98880941294729,4.329633032826012,Matig,Too far from road (92.45 m)
51.98942828438063,4.329355645196246,8.552772577099347,51.9888528,4.3292151,Redelijk,Too far from road (64.71 m)
51.98970962835464,4.329282525853202,63.24095260624614,51.98951453998189,4.328654241247659,,No condition
51.989771789599665,4.3293599004344445,159.03403045843493,51.99039247392269,4.328973680160818,Redelijk,Too far from road (73.91 m)
51.98929111025584,4.329392201511428,13.972626932177718,51.9888528,4.3292151,Redelijk,Too far from road (50.22 m)
51.98928365690299,4.329470492013618,354.6875474246714,51.98879598862692,4.329544129350257,Redelijk,Too far from road (54.46 m)
51.9896006633018,4.329483013139439,12.440453429413594,51.9888528,4.3292151,Redelijk,Too far from road (85.16 m)
51.9899381266482,4.32957341502349,159.0341023253926,51.990534677516024,4.329202211771116,Redelijk,Too far from road (71.04 m)
51.98974375313872,4.329396859121868,159.0340173180981,51.990401226817,4.328987746704318,,Too far from road (78.29 m)
51.989858541430465,4.329413018018837,159.03406875997098,51.99044051490126,4.329050885538934,Redelijk,Too far from road (69.30 m)
51.98995755652068,4.329394455134167,159.0341135909282,51.990459825327605,4.329081918811194,Matig,Too far from road (59.81 m)
51.989385485373845,4.3292497939364525,4.105622885353341,51.98885595060482,4.329188070486774,Redelijk,Too far from road (59.03 m)
51.98973791462977,4.329360335468991,63.24091324958795,51.9895183028286,4.328653072847806,,Too far from road (54.24 m)
51.989891726316074,4.329426839914421,159.03408350310747,51.99045597751887,4.32907573510018,Redelijk,Too far from road (67.19 m)
51.989926792643246,4.3294398610744045,159.0340991037301,51.99047160610159,4.329100851379537,,Too far from road (64.88 m)
51.98961740853338,4.329426732928342,63.24096693317193,51.98938958971395,4.328693039499649,Redelijk,Too far from road (56.26 m)
51.98969222221273,4.3294332475999635,63.240919929299764,51.98945597947788,4.328672424843651,Redelijk,Too far from road (58.35 m)
51.98979829807042,4.329398211535843,159.03404185147951,51.990417058061524,4.329013188676061,Redelijk,Too far from road (73.68 m)
51.98978326364167,4.329481363695074,159.03403391323388,51.99045016094322,4.329066387436244,Redelijk,Too far from road (79.41 m)
51.9899605463541,4.32926996758398,159.03411668910258,51.99040481887222,4.328993519400663,,Too far from road (52.90 m)
51.9894075266262,4.329320948029693,6.7016877363815865,51.9888528,4.3292151,Redelijk,Too far from road (62.11 m)
51.98988937308152,4.329387949648831,159.03408299111038,51.99043787580249,4.32904664431354,Redelijk,Too far from road (65.31 m)
51.98929927373808,4.329424857981198,15.184394382108735,51.98884800750926,4.329225974131962,Redelijk,Too far from road (51.99 m)
51.989866400257775,4.32936726367389,159.03407294180874,51.990422184580524,4.329021427368308,Redelijk,Too far from road (66.18 m)
51.989932528027374,4.329303941302075,159.03410359902512,51.9904122378701,4.329005442274716,Matig,Too far from road (57.12 m)
51.989442691431776,4.3293946319232814,10.615178142692798,51.9888528,4.3292151,Redelijk,Too far from road (66.74 m)
51.98953187786298,4.329507403507981,354.6875768236534,51.98880697140284,4.329616863531641,Redelijk,Too far from road (80.95 m)
51.98993921113935,4.329471156636895,159.03410425324319,51.99048911050513,4.329128982240606,Redelijk,Too far from road (65.48 m)
51.98995831494169,4.329478819802195,159.03411274466907,51.99049788020509,4.329143075792015,Redelijk,Too far from road (64.25 m)
51.98931613211879,4.329317929235247,7.78233756535343,51.9888528,4.3292151,Redelijk,Too far from road (52.00 m)
51.989629551973024,4.329356072443355,63.240979848368625,51.98942067662772,4.328683386715917,Redelijk,Too far from road (51.59 m)
51.98982438412105,4.329402464446683,159.03405353344397,51.990426246921736,4.329027955848764,Redelijk,Too far from road (71.67 m)
51.98991783864524,4.329329752853872,159.03409662379988,51.990419715970134,4.329017460130252,Matig,Too far from road (59.76 m)
51.9894862412423,4.329406023662623,10.514911376754412,51.9888528,4.3292151,Redelijk,Too far from road (71.64 m)
51.991202498300794,4.332147407182492,233.9239019871128,51.99122726358524,4.332202607587552,,No condition
51.98839773622877,4.333546944954707,231.5777791724385,51.988460780464635,4.333676006152866,,No condition
51.988540609053295,4.334595906744332,306.44958592095145,51.98852594564669,4.33462814506426,,No condition
51.99372068307491,4.333736974624891,178.24987108716732,51.99377378047152,4.333734339793423,,No condition
51.99497429767242,4.333252988597435,60.782209250911876,51.99495102916141,4.333185420421235,,No condition
51.984544658437606,4.334256755407374,171.07691196269616,51.98457645298212,4.334248649821431,,No condition
51.98527067188735,4.334967313436582,352.45600846467704,51.98524526132246,4.334972777653512,,No condition
52.01344541978054,4.332872413766046,214.1403014924035,52.01350227625787,4.332935053149069,,No condition
52.015618329582104,4.332901081688259,164.65209423617443,52.01568577559042,4.332871003100977,,No condition
52.01023898964656,4.332455803020823,207.65143109136028,52.010284305624964,4.3324943759544645,,No condition
52.01227620207373,4.333324999892546,33.532107035270656,52.012251800456276,4.333298727031705,,No condition
52.01131934835868,4.331913784457492,4.460917129868108,52.0112674,4.3319072,,No condition
52.00756032407338,4.333423687054755,343.7483866853233,52.00722784693746,4.333581135281968,,No condition
52.007435247706404,4.333308545327359,343.7483428197884,52.00716039699204,4.333438703924896,,No condition
51.9846813588919,4.335407229204534,55.82909204555085,51.984626556300114,4.335276150352343,,No condition
52.00780745300741,4.332781346895381,165.74281864070497,52.0078683102783,4.332756224980982,,No condition
52.0078344455739,4.332893638930708,163.77770519295245,52.007912158899934,4.332856906795538,,No condition
52.00789529099228,4.33290470506407,163.7777267442509,52.0079275453903,4.332889459636182,,No condition
52.00787532205292,4.33298846085631,163.77771918254632,52.007956257718895,4.332950205643535,,No condition
52.00792814070909,4.333079841370214,163.7777374395863,52.00800120774077,4.333045305361771,,No condition
52.00796109072063,4.333152783125209,163.77774873448072,52.00803540572656,4.333117657246772,,No condition
52.008018018209725,4.333197107748084,163.77776871347987,52.0080629261128,4.3331758814893435,,No condition
52.008041421458465,4.333258942127379,163.77777668210342,52.00809108942968,4.333235465965366,,No condition
52.00806039467362,4.333322949052369,163.77778306498863,52.00811928312792,4.333295114718496,,No condition
52.00809379234495,4.3333987209794085,163.77779450503363,52.00815465629365,4.333369952904424,,No condition
52.007962586853324,4.3333549916914045,163.77774813129713,52.00811380185173,4.333283518109655,,No condition
52.00800097138251,4.333269928961861,163.77776224808792,52.00808794749986,4.333228818657333,,No condition
52.00791949860823,4.333262085656254,163.77773334299206,52.008070039338314,4.33319093077551,,No condition
52.00784605217822,4.333118666489662,163.77770805289538,52.0080012173961,4.333045325789327,,No condition
52.00779949519004,4.333119222403354,163.77769150658253,52.007992930302834,4.33302779297841,,No condition
52.00780281147309,4.333054924789711,163.7776930460085,52.0079686946297,4.332976518127144,,No condition
52.00776569928968,4.332914715515541,163.7776806471163,52.00790774789678,4.332847574538526,,No condition
52.00774791859669,4.332940710850688,163.77767418464668,52.00791454417769,4.332861953272338,,No condition
52.00773988465197,4.33298609673123,163.77767107385262,52.00793061183487,4.332895947241808,,No condition
52.007770259958015,4.332992359238906,163.77768183184412,52.00793857824188,4.332912801584253,,No condition
51.99704003575649,4.3322660226854275,174.00812118566273,51.99709652164938,4.33225639333544,,No condition
51.997064756693625,4.3324025868134415,203.80119056434114,51.99707891193588,4.33241272736596,,No condition
51.997039970276425,4.332434201701115,203.80120236074228,51.997055538481824,4.332445354474176,,No condition
51.99374366888365,4.334000221837666,174.28944301802085,51.99379222600705,4.333992336005845,,No condition
51.98848058936633,4.334478205791392,359.32699555271836,51.98840152053446,4.334479714018992,,No condition
51.99376226039984,4.3340888985826265,174.28944537512837,51.99380673506741,4.334081675754662,,No condition
51.993857663033474,4.334101437522386,352.99729441251856,51.99384500460851,4.3341039626968,,No condition
51.99373203738658,4.334749687731462,232.98301306172434,51.99376224918869,4.3348147593052495,,No condition
52.01238942794692,4.334407132258941,168.3077691728156,52.0124120463043,4.334399527212475,,No condition
52.01233022462605,4.334353517809242,349.48136607454023,52.01229081062614,4.334365407832382,,No condition
52.01228420296054,4.334062238620779,169.32648341711922,52.0123056745434,4.334055663691775,,No condition
52.01223274882766,4.333892212437018,169.32647143328086,52.012253662247865,4.333885808426006,,No condition
52.01237779392252,4.3345103655351185,169.66212649689407,52.01238599874589,4.334507933863676,,No condition
52.01212799602578,4.333546013624349,167.4009516431929,52.01214683267057,4.333539173336871,,No condition
52.00784042683677,4.333620801777749,206.66715132468073,52.00795373752743,4.3337132518037675,,No condition
52.0077683748735,4.3337043975201155,206.66718847414353,52.007883994708685,4.333798731573762,,No condition
52.00762184769965,4.333874033882044,206.66726403032206,52.007742343059924,4.333972345869447,,No condition
52.00802609539037,4.3334938385661825,206.66705279872752,52.00809012954367,4.333546083937775,,No condition
52.00799792025814,4.333450192229264,206.66706974641147,52.00810024851094,4.3335336817003745,,No condition
52.008058551114,4.333681293042227,26.66702892126648,52.00801128033703,4.333642724884752,,No condition
52.00810463201006,4.333691818809178,26.667003133743776,52.00802454069606,4.333626472423767,,No condition
52.00817251429568,4.333641486514636,162.5134744398489,52.00826658252582,4.333593342056906,,No condition
52.00819402207318,4.333715528246304,162.51348209557386,52.00830107587206,4.333660737727892,,No condition
52.00814148194121,4.333742573493804,26.666981170303814,52.008014406744024,4.333638893027135,,No condition
52.008235639671824,4.333755639988728,162.51349767052898,52.008325982520695,4.333709402194498,,No condition
52.00819162377189,4.333861343589888,162.51348010431423,52.00835971608256,4.333775313342123,,No condition
52.00831632219882,4.333865011471339,162.51352763148725,52.00838708745073,4.3338287935614845,,No condition
52.00833372460542,4.333983546412065,205.90703903040628,52.00841505598474,4.33404772468843,,No condition
52.008291948502624,4.334101505439403,205.9070581723862,52.0083416623482,4.334140734442371,,No condition
52.008252655683265,4.3340127911581545,205.90708194151,52.00836972563539,4.33410517060388,,No condition
52.0071329197046,4.333608868723176,163.74823351788336,52.00722118584369,4.333567069316175,,No condition
52.007162033505125,4.333641903236189,163.74824369446344,52.00723929712811,4.333605314192455,,No condition
52.007215201055594,4.333726123260215,163.74826213992424,52.00728161385839,4.333694672742466,,No condition
52.007324843039534,4.333873380903501,163.7483003331305,52.0073586594212,4.33385736678172,,No condition
52.00726229508137,4.333898053393884,163.74827792950668,52.00735674554725,4.333853325330492,,No condition
52.00736227054154,4.334005760530833,163.75246003141865,52.007416721764606,4.333979981498148,,No condition
52.00731250899063,4.333977682373641,163.74829535181448,52.007396745348565,4.333937791314105,,No condition
52.00734255075444,4.334057173724464,163.75245272575012,52.007432995034776,4.334014354372982,,No condition
52.007374515394375,4.334098414869459,163.7524638670982,52.007454797676864,4.334060406548106,,No condition
52.00744780702882,4.334223660062289,163.75248923885556,52.00751665567319,4.334191064808157,,No condition
52.007469507453344,4.33429315192204,164.20242452385526,52.00754758835272,4.334257264043428,,No condition
52.007497344227744,4.334380400685348,164.20243372411016,52.007585550891186,4.334339858759533,,No condition
52.00752926984549,4.334460503831239,164.20244437750216,52.00762151507763,4.334418105681116,,No condition
52.00757647965817,4.3345068057641,164.20246049984837,52.007647318720636,4.334474246409702,,No condition
52.007654175488,4.3346290502197675,164.20248679332553,52.00770725667405,4.334604652816857,,No condition
52.007615136521615,4.334549579879917,164.20247367427964,52.007670291976275,4.3345242290927555,,No condition
52.00757692653124,4.334573854832761,164.20246031198917,52.00767283919152,4.334529771043552,,No condition
52.00762613689862,4.334712193147678,164.8638267782651,52.007734293441004,4.334664665202279,,No condition
52.00767275903979,4.334778230970563,163.85485241025754,52.00776667121352,4.334734065143537,,No condition
52.01233784739544,4.334664112137189,349.4274878260849,52.01232622076724,4.334667637922063,,No condition
52.01222479603266,4.3340069834613155,349.48134183972945,52.012186197392055,4.334018627514978,,No condition
51.9860844590481,4.33654695669502,233.75655290657258,51.98610842246058,4.336600037223317,,No condition
51.99312878525267,4.3353544321431166,2.7169259530532486,51.99307678307758,4.3353504244566885,,No condition
51.9938304987298,4.335587956144732,235.079079244642,51.993844745654,4.335621097385521,,No condition
51.988032736166936,4.335391472616516,56.01389483110444,51.98801237999593,4.335342440795914,,No condition
51.990547785339096,4.336677914409253,190.13728997268728,51.99108709925498,4.336834507361614,,Too far from road (60.92 m)
51.990621229449154,4.336702693164835,190.13727342755732,51.99108617438802,4.3368376926494,,Too far from road (52.52 m)
51.990656228219606,4.336695233980394,190.13726556154853,51.99109089301912,4.33682144144925,,No condition
51.99062242720149,4.336640523078761,165.7583058596806,51.991084197739035,4.336450192936194,,Too far from road (52.97 m)
51.991303005136814,4.335672327437456,326.17960558449005,51.991194588496285,4.3357902825928285,,No condition
51.99133447947379,4.3357301652027544,277.86898337745265,51.99132439038909,4.335848711948008,,No condition
51.99160057773406,4.335823984507492,272.9350039547352,51.99159943237044,4.335860263555248,,No condition
51.99198768102557,4.335946724520336,135.40065714854495,51.99199818116533,4.335929909349904,,No condition
51.98944432574877,4.336761301634389,187.03265449888494,51.98946872561105,4.336766189602429,,No condition
51.99300914498241,4.33567333809551,176.89762756957703,51.99309540377283,4.335665745511801,,No condition
51.993032657412726,4.335960798834694,177.24731425796972,51.99311953816352,4.335954014889646,,No condition
51.99842167428755,4.3362477478321555,174.25819255613567,51.99845641796715,4.336242073669756,,No condition
51.998411545845855,4.336189589540751,174.2581912652945,51.99844690347344,4.336183815111466,,No condition
51.980946244485956,4.337548355187642,56.758406495573865,51.9809256426416,4.337497321075634,,No condition
51.98047901852271,4.337584092229662,235.09376496858647,51.98051511610969,4.337668083337965,,No condition
52.00820878451251,4.335982843074991,163.84118094751364,52.008325991580946,4.335927672019677,,No condition
52.00824857171391,4.336008317607844,163.8411948919379,52.00834302451921,4.3359638573119295,,No condition
52.0083043158132,4.3361094802348426,163.8412140645562,52.008392117030766,4.3360681509370815,,No condition
52.00832127092002,4.3362184422102,163.84121946382913,52.00843717925123,4.336163882489206,,No condition
52.00840168126363,4.336295576075197,164.0779844137262,52.00848145900291,4.336258603316984,,No condition
52.00926812475022,4.335848228504568,207.88635021566606,52.00953983467954,4.336081814323539,,No condition
52.00912118597568,4.334924971600254,165.1682648095341,52.00934525745053,4.334828575909805,,No condition
52.00900171435085,4.335516139297186,207.72152768390674,52.00903187952084,4.335541891624941,,No condition
52.008915037507535,4.335572707883729,207.7215749938072,52.00896740486988,4.335617414460192,,No condition
51.99819169203884,4.335145795406984,353.9613845242244,51.998154123262616,4.335152250380676,,No condition
52.00862828582238,4.335639082751105,207.72173586503575,52.00881374193663,4.335797408616324,,No condition
52.00864118378861,4.335727515280072,207.72172534309232,52.00877551042596,4.335842191364859,,No condition
52.00867364255131,4.335673209765388,207.7217088152307,52.00881601075439,4.335794751020708,,No condition
52.00865933056417,4.335632761140753,207.7217184181019,52.00882995119121,4.335778421792118,,No condition
52.00875159402443,4.335621973578027,207.72166627708987,52.00887417384308,4.335726621278243,,No condition
52.008744440582596,4.335483328589481,207.72167533296152,52.00893962252842,4.335649957500986,,No condition
52.00876181765423,4.335461392477831,207.72166622846493,52.00895778049086,4.335628688044151,,No condition
52.00883625521958,4.335534980708723,207.72162120364084,52.008952822589244,4.3356344955170325,,No condition
52.00883887111344,4.335463575512256,207.7216222809349,52.00898918602188,4.335591900954809,,No condition
52.00882818721523,4.3353976095995455,207.7216307339056,52.00901725666596,4.335559020208711,,No condition
52.008919435243584,4.33542508091669,207.72157779802063,52.00904215859839,4.335529851155255,,No condition
52.00894082558368,4.335360372311294,207.72156794605206,52.009083129953105,4.3354818590711455,,No condition
52.008892924332294,4.335236666412592,207.7215996636616,52.00912402344459,4.335433958192673,,No condition
52.008973772727,4.33530541379995,207.7215511632492,52.009124158625546,4.335433799847511,,No condition
52.00902698298933,4.335331184927458,207.7215199422055,52.009133864494466,4.335422430809781,,No condition
52.009011596569394,4.335163498469214,207.7215347300687,52.009210183378535,4.335333034148892,,No condition
52.009072519968754,4.335165214767142,207.72149998301103,52.00923501941668,4.335303942281173,,No condition
52.009131847794514,4.335204636206711,207.72146478775582,52.009240563606056,4.335297448056005,,No condition
52.00920555264629,4.335077565640124,207.7214273926976,52.0093343842647,4.335187550568551,,No condition
52.009186735569564,4.335029910333857,207.72143981820417,52.00934998422063,4.335169277450604,,No condition
52.00913983909805,4.335104103424338,207.721463851493,52.00929357666997,4.335235350831253,,No condition
52.00908978284686,4.335036993014315,207.72149476211993,52.00930561422002,4.3352212505624514,,No condition
52.00916786794443,4.334980624860035,165.16827981262702,52.009372750804665,4.334892484123752,,No condition
52.0091933367743,4.334876462528895,165.16828854025573,52.00933891564623,4.334813834405954,,No condition
52.00923301287582,4.3349739391697115,165.1683010899892,52.00938049746319,4.334910491206781,,No condition
52.00923796970364,4.335136277839276,207.7214068262027,52.00931905766052,4.335205503494003,,No condition
52.00962722143569,4.335724849209734,165.82996782127077,52.00973101381485,4.335682274855815,,No condition
52.00958211141114,4.335620739853033,164.17485326051712,52.00968190629231,4.335574785261979,,No condition
52.00957663538057,4.335705046098211,164.17485092621746,52.009712978422996,4.335642261427446,,No condition
52.00958392125052,4.3357860960279195,207.88617187776197,52.00970475578102,4.335889976047465,,No condition
52.0095431326008,4.335743106804617,165.8299415069455,52.00972531365333,4.335668378383602,,No condition
52.00950992373936,4.335637990104441,164.17482811743105,52.009675830704246,4.335561591529329,,No condition
52.0094631008346,4.33572850997443,164.17481140282632,52.00970202981551,4.335618485457336,,No condition
52.009506104107274,4.335752758819258,162.55613137030093,52.009714810474165,4.335646216408292,,No condition
52.00950493670883,4.335804204624019,207.8862163880198,52.009662237293995,4.335939434080307,,No condition
52.00945581964772,4.335814009047544,207.88624412098497,52.009636516909914,4.3359693523509035,,No condition
52.00947369084238,4.3358604635962585,207.88623219881305,52.00962114744829,4.335987230299786,,No condition
52.00939598223248,4.335737644308626,164.17478806246027,52.00969375762203,4.335600521581558,,No condition
52.00943341913567,4.3359135839855165,207.88625328554093,52.009577773345384,4.336037683595653,,No condition
52.0093973836108,4.335934778019889,207.88627311894675,52.00955198198968,4.336067684421331,,No condition
52.00938978351443,4.336013773370112,207.8862745695248,52.00950970158201,4.336116865517299,,No condition
52.00932445088504,4.335963217338047,207.88631378920638,52.009506928505495,4.3361200911943865,,No condition
52.00928896876049,4.33591855973751,207.88633571786286,52.009513925407205,4.336111952311307,,No condition
52.009333561309056,4.336044267760004,207.88630560966288,52.00947073379734,4.336162193328999,,No condition
52.00928520315505,4.336013240004452,207.8863344038239,52.00946552089738,4.336168257039059,,No condition
52.00923646349823,4.33598277477221,207.88636339492612,52.009459867789545,4.336174832804388,,No condition
52.00929479252718,4.336108670396239,207.88632542276753,52.0094224211423,4.336218391210127,,No condition
52.009241371207544,4.336100513486302,207.8863562742682,52.009403750542575,4.336240109083899,,No condition
52.00918346505449,4.3360602126009855,207.88639086908614,52.00939906402916,4.336245560494578,,No condition
52.009251526154415,4.336177752120993,207.8863476373212,52.00936988405122,4.336279503007779,,No condition
52.00920350475171,4.336219663038005,207.88637356623573,52.009328757784914,4.3363273415921615,,No condition
52.00920256005458,4.336284999246226,207.8863717114048,52.00929605803082,4.336365378352749,,No condition
52.009170337284615,4.336295295493876,207.88638976328008,52.00927727422007,4.336387227915,,No condition
52.009148201452334,4.3362534128462284,207.88640395816861,52.00928857123267,4.3363740870894585,,No condition
52.00914318825701,4.336184239900571,207.88640936053176,52.009320635665205,4.336336789342804,,No condition
52.00912007126888,4.336081814917519,352.8571513416963,52.0088161,4.3361437,,No condition
52.00903155197934,4.3362038706635,9.754097016675928,52.0088161,4.3361437,,No condition
52.0090864456485,4.336262158397525,207.88643895894063,52.009258003103945,4.33640964431691,,No condition
51.99839795027339,4.336760904407472,173.75749707058333,51.99844333275902,4.336752841529316,,No condition
51.98109342251942,4.338402486996902,56.17069469562284,51.981064297339735,4.338331928318551,,No condition
51.980367176355294,4.337787270698715,55.09011601365654,51.98034700416604,4.337740340897608,,No condition
51.98083923078565,4.337592491659957,56.75846900929389,51.980818303913765,4.337540652402014,,No condition
51.99441899896183,4.337588714286906,354.0332558465029,51.99439533630336,4.337592730864497,,No condition
51.99449116368395,4.33798511491238,354.03326540110646,51.9944627592743,4.337989936370436,,No condition
51.98759258164235,4.3371980413111135,354.4515572439395,51.98752346572196,4.337208943778387,,No condition
51.98626382523192,4.338004886993393,7.204060984748708,51.98620759105171,4.337993345101461,,No condition
51.995209076231724,4.3374281586494545,5.13103202123159,51.99517622143185,4.337423367324472,,No condition
51.99547342150495,4.337032520945853,170.54535180722542,51.99551816142306,4.337020420560693,,No condition
51.9887060302557,4.338232433725335,174.76363415462765,51.988723112245374,4.338229891548362,,No condition
51.98865723993556,4.33711498016764,53.2308827222181,51.98864693823972,4.337092593583548,,No condition
51.99173341293236,4.3380947889466475,354.10046941408876,51.9916751829505,4.338104560372174,,No condition
51.991792567447646,4.337934405888596,52.758416307548146,51.99176798934435,4.337881900099786,,No condition
51.991830177805106,4.337919416885896,52.75839258847151,51.99180459504715,4.337864764870224,,No condition
51.99188764792757,4.337892722544362,53.322077097336035,51.99186244829468,4.337837775158318,,No condition
51.9913754587913,4.337821422424471,175.60733605872122,51.99151126877603,4.337804480471828,,No condition
51.991177447313504,4.336759974978117,11.239942988828602,51.99111579069907,4.336740076707094,,No condition
51.98939008349823,4.336949182343264,187.03266295206558,51.98943044725279,4.336957268320967,,No condition
51.990681562566195,4.3368235402777415,190.13725974052724,51.99105850491378,4.336932987694802,,No condition
51.99066711348233,4.336826106380302,190.1372629886376,51.991056694323454,4.336939223457941,,No condition
51.99069235502051,4.336833261107111,190.13725730369052,51.99105674099796,4.336939062708606,,No condition
51.99062385462391,4.336879957770316,233.27767965523685,51.990796701105,4.337256225573654,,No condition
51.99060165141881,4.336954384241496,233.27767984550897,51.990750134999836,4.337277616687496,,No condition
51.990600602735796,4.3369939973872205,233.27767231148923,51.9907342427902,4.337284917106209,,No condition
51.99054067804924,4.337027651006283,229.98587523167043,51.9906853,4.3373074,,No condition
51.990419600469224,4.337046982670217,211.11315229893097,51.9906853,4.3373074,,No condition
51.99036851022271,4.3370844914289,205.31931498273124,51.99067540633612,4.337320277467271,,No condition
51.99031279018659,4.337096759744303,235.80647127117814,51.99046904137087,4.33747021478523,,No condition
51.99032499854756,4.336872353479513,355.9936908805986,51.9898753,4.3369235,,Too far from road (50.13 m)
51.99041135719684,4.3369049252904475,222.13631298585832,51.9906853,4.3373074,,No condition
51.99038533290453,4.336834249448385,353.8496760443441,51.9898753,4.3369235,,Too far from road (57.04 m)
51.990435722181,4.336837044125968,229.24937672965444,51.9906853,4.3373074,,No condition
51.99048335467687,4.336840150895596,233.2777876228349,51.99069578314928,4.3373025843462365,,No condition
51.99216592424929,4.3375985105287524,350.1223215482468,51.992087015109306,4.33762082436579,,No condition
51.98936160404315,4.33680586960518,187.03266744577056,51.98945695025159,4.3368249700908486,,No condition
51.991341327918356,4.337926210169273,233.92502392778482,51.991396523003964,4.338049242228259,,No condition
51.99050956642327,4.3369640536857865,230.26783726036518,51.9906853,4.3373074,,No condition
51.994646354380286,4.336781997129044,238.40067913809054,51.994666808376806,4.336835994959637,,No condition
51.982309543870905,4.337756955323529,235.5905443874666,51.98232705818875,4.337798471405522,,No condition
51.97966491746214,4.339473728227333,174.37655818232736,51.97976909320633,4.339457074761058,,No condition
51.9796969767242,4.339688298275617,174.3765621793866,51.979803338372975,4.339671295372066,,No condition
51.97975065252221,4.3396909958394225,174.37656890588562,51.979805096363854,4.339682292482535,,No condition
51.9783196626593,4.339716425845307,174.43630257015525,51.97840568394461,4.339702821971035,,No condition
51.97989558393421,4.3387517826428805,235.66401536098357,51.97991928995823,4.338808127395623,,No condition
52.00838787601873,4.336376288178702,164.07797917081928,52.00850981027833,4.336319778105354,,No condition
52.00838346412814,4.336407678859999,164.07797746635413,52.00852100595442,4.336343935505859,,No condition
52.00843426812075,4.336393509748496,164.0779952755165,52.008524582897024,4.336351653631534,,No condition
52.008455470988565,4.336465812457978,164.0780022971643,52.008555915646575,4.336419261677172,,No condition
52.00841295105252,4.336466488757001,164.07798745174648,52.008548655801256,4.3364035967910395,,No condition
52.00846238838712,4.336523767779938,164.50398354732692,52.00857952125952,4.336471009585348,,No condition
52.008516193644596,4.336577958557847,164.50400159240144,52.00860888749706,4.336536208020994,,No condition
52.00849739308853,4.336641847835966,164.50399489400945,52.008629639885044,4.3365822821301,,No condition
52.00863647958934,4.336746914072962,164.50404170595698,52.00869243957155,4.336721708957011,,No condition
52.008720653562676,4.336876165290489,164.50406972794144,52.008755033930164,4.336860679918355,,No condition
52.00865749134856,4.336909631961328,164.50404808376175,52.00875691275162,4.336864851246726,,No condition
52.00863810027564,4.336957731198702,204.6557099709573,52.008735626670216,4.337030456969197,,No condition
52.008614033742035,4.336912004885967,164.50403328973482,52.008750471885456,4.33685055134203,,No condition
52.00858499572323,4.336847066271421,164.5040237197942,52.00872125829363,4.3367856918078935,,No condition
52.008560783349004,4.336804140125666,164.504015686897,52.008701101105885,4.336740939152525,,No condition
52.01297098721231,4.336526029182443,171.84597261438444,52.01301084131669,4.336516751224518,,No condition
52.01087530204027,4.337140077618181,348.4797260555592,52.010831815054786,4.337154477913812,,No condition
52.012001236509505,4.3366775930539205,44.60171459789473,52.011989145123344,4.336658219355641,,No condition
52.00911806547451,4.336342389392492,207.88641793631268,52.00923177947093,4.336440147972933,,No condition
52.009068634708036,4.336328137491015,207.88644672680894,52.00921781776439,4.336456388403602,,No condition
52.009082367700486,4.336365177269834,207.8864375154246,52.00920534375211,4.336470898329802,,No condition
52.00909122567472,4.336431070055451,207.8864300356071,52.00917653477908,4.336504409285475,,No condition
52.00904720294681,4.336481903149037,207.8864533498403,52.00913269727576,4.336555401614461,,No condition
52.009023392851475,4.336433709012973,207.8864687348711,52.00914640278246,4.336539459198635,,No condition
52.0090149080545,4.336391491834977,207.88647513391504,52.00916366655591,4.336519377762688,,No condition
52.00902084158672,4.336326155466177,207.88647413409532,52.009198486534366,4.336478874730749,,No condition
52.00897604941978,4.336393495279018,207.88649728445102,52.00914616211052,4.3365397391512355,,No condition
52.008975102057555,4.336456529792593,207.88649551694184,52.00911459904276,4.336576453704149,,No condition
52.00891369714635,4.336347515816178,27.39544051410263,52.008756166954996,4.336214884013736,,No condition
52.0089373144629,4.336535212302679,207.70820608243866,52.0090601443636,4.336640014118928,,No condition
52.008900777585495,4.336505290947374,207.70822795146591,52.00905952572158,4.336640739180197,,No condition
52.00886157592425,4.336424567936569,27.395467253230777,52.00869658323798,4.336285653121681,,No condition
52.00878738361995,4.336459939868648,27.39550788592095,52.008648379466536,4.336342905976564,,No condition
52.008808333892084,4.336525097243189,344.5041012196811,52.00863836499755,4.336601653480807,,No condition
52.00880617227156,4.3365981230510275,344.5041001383483,52.008665344805145,4.336661553604083,,No condition
52.00873766649028,4.336701602484258,344.5040763433477,52.008692538549234,4.336721928705639,,No condition
52.008801199497924,4.336715728109245,344.5040978890381,52.00870854311165,4.336757461770829,,No condition
52.00881280579171,4.336763261373633,344.5041016111843,52.00872829933033,4.336801324201282,,No condition
52.00885331938807,4.336636491579491,207.70825025050158,52.00897474930796,4.3367400988939835,,No condition
52.00886717127864,4.336565012416839,207.70824493340845,52.009015879073125,4.336691893956784,,No condition
52.00891491992295,4.336630488626628,207.70821541041227,52.00900366537551,4.336706208663517,,No condition
51.98054069776021,4.3386210958202645,56.17745173101298,51.98051495872443,4.33855872528717,,No condition
51.988641632138474,4.338580088270541,177.6635913421684,51.98870911492301,4.338575617237997,,No condition
51.99453660402762,4.338126475329189,354.03327142837173,51.99448735485283,4.338134835046341,,No condition
51.99451381094617,4.338147933094337,354.033268393958,51.99449025681867,4.338151931249523,,No condition
51.986667770640985,4.338760817678804,55.516949385527084,51.98665020448123,4.338719289138812,,No condition
51.98671597317044,4.338740138551577,55.51692068090074,51.98669851103817,4.338698855945235,,No condition
51.992098488055895,4.338239366114634,234.04042916618957,51.99212083212546,4.3382893841910946,,No condition
51.98769022439921,4.339528068726297,353.4749173469943,51.987624109495954,4.339540348337662,,No condition
51.987717042483254,4.339400370978999,54.231563251974535,51.98767434567022,4.339304127860259,,No condition
51.993478378214135,4.338167773349589,174.52443970551292,51.99351041442811,4.338162786034214,,No condition
51.99538346626932,4.339195748288632,182.60522016300288,51.99552645274076,4.339206314746522,,No condition
51.98943124136812,4.339431226962529,339.1432136766368,51.98935253570926,4.339479922062109,,No condition
51.98943579654561,4.339459249683216,339.14321533304746,51.98936633485248,4.33950222555195,,No condition
51.98941297934577,4.339468940722,339.1432049785049,51.98936435456259,4.339499024818787,,No condition
51.98945671084469,4.339504376320845,339.14322407445945,51.989392315364064,4.3395442177298,,No condition
51.98944299503939,4.339438887346802,339.14321883988663,51.98935921687544,4.339490720799375,,No condition
51.98943452258923,4.339591771775385,353.7112193443191,51.98940723242084,4.3395966555375365,,No condition
51.98945524356978,4.339559664292908,353.71122225351115,51.98940230787932,4.339569137496509,,No condition
51.989432876806916,4.339633072114424,353.7112191075416,51.98941434297238,4.339636388870785,,No condition
51.98947188614852,4.339661105427578,355.3220440804364,51.98942,4.339668,,No condition
51.98948345469761,4.339675234670563,358.9099236851966,51.98942028385496,4.33967718657862,,No condition
51.992993535660155,4.338653402902826,318.52478006807354,51.99298802314139,4.338661316429762,,No condition
51.99306378951215,4.339108138609066,174.13889262097382,51.99311656130582,4.339099340927862,,No condition
51.99303163545634,4.339108016479438,174.13888841934943,51.99311567200931,4.339094006593642,,No condition
51.993032547312374,4.339143785529739,174.13888853505227,51.99312149853971,4.339128956309689,,No condition
51.992526507915095,4.339436894003264,342.79445999009357,51.992469865826585,4.339465378375339,,No condition
51.99256777737846,4.338617725107617,180.0,51.9926,4.338617725107617,,No condition
51.99259707286837,4.338649102588352,180.0,51.9926,4.338649102588352,,No condition
51.99270861686459,4.3386513285648425,50.9232996646528,51.992666362065734,4.338566818967133,,No condition
51.99273065100893,4.338679861889076,50.92327836392525,51.99267257605151,4.3385637119742455,,No condition
51.992696880978336,4.338388477324814,230.9233580622587,51.99276211385274,4.3385189430736295,,No condition
51.99193928471915,4.339358912615657,353.9415793656393,51.991891173915015,4.339367205050418,,No condition
51.98267643751965,4.339232921289347,174.28117273750502,51.982699061815815,4.33922924258395,,No condition
51.98304615201358,4.339254592513837,238.66032422424217,51.983074049666286,4.339328975441342,,No condition
51.98273336808956,4.339591712738298,174.76557427336706,51.98275562415321,4.339588402220516,,No condition
